user_id,review_count,experience_level
AEQDKOKITGAU3XIGB7NIALDBSAHQ,217,expert
AHYGEXIFFWAFNCEQ5Z4FPOR7B5MQ,154,expert
AHWTTERG65TT6ZY57WJK55WXGE4Q,88,expert
AG3I5DKR7Q4PF2HBQS3UGQBOJSWQ,81,expert
AH3RVXZC6ORJ6KQCDQHLWIX2UY7Q,80,expert
AHRFVHA6CTELWKIGDMWA4ZHYJYSA,70,expert
AGGEOW5JWMLUK25CA5T7EBETKCXQ,61,expert
AGJ2FJZJBHB5CYHHB42MVRRYM5AQ,58,expert
AGKGE6L3SWMRXT2QZLTA5NFJJK6Q,56,expert
AGML6SJGKHBKRICNE2A2YDNFFQBQ,55,expert
AHREA6UH2LSZKR4F5YEVA7JBLQBA,54,expert
AH6K462H2EHUUJFGFYIGNXS5DMSA,51,expert
AFDK2OE65BMRZEC6EAY5TOLRMIAA,48,expert
AGJ6JBOYBLMCXG3AWC3EX3REAOYA,45,expert
AGGANHPCBJOT4ZDII3G2VN7ILCDA,43,expert
AGWUQQUCUYWSG7WLH34P7XKGIDCQ,42,expert
AHJMFHGMCYLEAHFVJUVWXDOMPCDA,42,expert
AHXEFEX357FTFNSX4FZXPUADCOIQ,42,expert
AEJOTBTPNZUSK6MDBQVOYKDM5IOA,38,expert
AHZRTYTGY6AZF2JU4PMBLZGZX44Q,38,expert
AFTIWOVYDHDSI2LYVTWZ522BK7OQ,38,expert
AFRF2GNHW6ZUNHC7WCL5BO5YYGWA,37,expert
AHT2K2IUYZGQ2LDKAYUUWOWMBOSQ,36,expert
AFJZGFSXXFR2ERZ7UPBNFUTPK2XA,36,expert
AG5TW35AKG3TXAWS652TILKUMO4A,33,expert
AGQJYGB5OTNX767J35JJFANAXZXA,33,expert
AHU6H7MNSLUSTPP2NGSSP3DTBQ6A,32,expert
AFVHJAKFDKVPVUY3NNLM73Y6KWFQ,31,expert
AEL6BBHSHKNKDYHKC3LVXZF4IM2Q,30,expert
AH76OTGFV3C4HHKXRZ7MYTJKBJZA,30,expert
AHMHI4HC35BETMUYB4LZBSJVWI7A,30,expert
AGJONPAN6R56VG5UHABO74SEJZZA,29,expert
AEU2WNWZABH2EM4CRBVJRIFMF5ZQ,27,expert
AGNA6Q6CDFNFRCBFO2PQBVLCIDVQ,26,expert
AF6SAYQAAZ6UFDCNRNULBWRBWKWA,26,expert
AF2WWBGKEAGRGJZ3ZVQWQC62BVJA,26,expert
AFRNJ3JDWBHXV3N5BXUPT2CL2DXA,26,expert
AHCZY3GH2MSEGKQFLTBT334CD6QQ,26,expert
AER7BPYAMW5CAICYIJX7QW64MBIA,25,expert
AFODVYCXBV2RPLUS6TQPXALDZNYQ,25,expert
AF7SHUWZHWXOG6ROPPRCJG7JASYA,25,expert
AFEI26R46RVERBNPOY32V44XEIRA,24,expert
AE3DC37XRJJZ4PHQA6USDHKSQK5Q,24,expert
AGMB7LAK4YG553UYDXAMJRSTOLPA,24,expert
AGLVEAUZVEJRP5RAYPUE5EXKVL6A,24,expert
AHRCVUCHJUKOZKMQ7I4YMXT7CUVA,24,expert
AGYGYJDESSA2PAFCQUQJFXMESOJA,23,expert
AEHC4BFXWQ3NHJZPBONN7DNWHDSA,23,expert
AHJQZ3RMJQJCU7R3TY7P7WUSEQ2Q,22,expert
AGUFDVO4TYIFQHQUMDXFHSHH43BA,22,expert
AFZGISQUPTLULO5ZBSERLPU7PLSA,22,expert
AHU4UEP36SVDJ7U6RJ5QKXX6763Q,22,expert
AHAXEQUHY7W4JYASO63UI4ADAPWQ,22,expert
AECDWCWAWNC3MO4CI4EO6PUB36YQ,22,expert
AF5N4QLB332EAEF22SH6M4KYRY3A,22,expert
AESRNUDMMK6KADNQCF4KND6HEUPA,22,expert
AF7OL2MGMW4FD5RXHZNUEGF5M3YQ,21,expert
AEOE7JGQJ7MKTWJSDGYPO5QLSSYQ,21,expert
AGSG4LWZFXFCHPRIV3JUAA6PK66A,21,expert
AFJ4ZVXYKBL3EJH6BLURCTYLIW5Q,21,expert
AH4NZUVAWUDNVNTYVUI3EKRIUDPA,21,expert
AHKZNGTG7X6SFNG6TW2MYK2PKUWA,20,experienced
AHDSBXQIJGQQHIOSOEZP4UIXO4AQ,20,experienced
AHYLXQ5EB7EE5OYF2OFOYK43GCKA,20,experienced
AFK6Z4AW7CDH3IHSRAABCGTQYH6Q,20,experienced
AH7BTEAOB7UCFBJMRKO4MY6KBCYA,19,experienced
AFDO4HGZHDVUP5DYDXMX564M2EHA,19,experienced
AGPJTHKCRRUKOVJM2Z7FGEAZBJZA,19,experienced
AENT4G4WJW2QOIZPSYTMLEBLL5IA,19,experienced
AHBBJYTE53RL2A5FGYVUUVOXCYQQ,19,experienced
AGVQLN5CKMBOROYAXTIFMPYV4D7A,18,experienced
AGNZSBJOZAFR5E43FYDGSYEJ76FQ,18,experienced
AFMGYHW3NHY6ZAED6Y3ZTZMBFKBA,18,experienced
AFMLHELGD4WJSACKP7LJ4UJ5AKUA,18,experienced
AF27T56NSXQZENPLXO2AUFITEF6A,18,experienced
AEDBPIHL2CZA6SZAXV25LMXXZL4A,18,experienced
AFZC22FMW56GO4BEX42J3VWHDXVA,18,experienced
AFDKIVB6V6UB3IJZJIXNNAVURIAA,17,experienced
AE34XE3DSXHTUHC5KOQSIJM4TZZA,17,experienced
AFYRISKGXNLIWIIQOWHOARJF246A,17,experienced
AFTB7LGB3RHAGCP4NUWXDWCT2OCQ,17,experienced
AHX2LSNFPNHLHQJUTCSKHLCSQRYA,17,experienced
AHGCFHKSLEYELTDV764GG5Q7A4TQ,17,experienced
AEAZVXGP4QS22ZYWYVMCSOU7GKLA,17,experienced
AGUT3S3CSXPGVDMXMYLOJEBTSOBQ,17,experienced
AGH3CGNSZZ4DJUX75AZ4NQDTJFOA,16,experienced
AH5GZRDLV247N5EULT4NQWHCJ5KA,16,experienced
AH6N4IDDAFEI5WTS4IYEHETPRM4A,16,experienced
AFUDWIMEA2LWNVEGMVVEOXFDBZTA,16,experienced
AHTNS3E4DWCRUPRJ345DPZWAI6WQ,16,experienced
AGIFJT2QDO6OOIINACXMTZVIB3ZQ,16,experienced
AFE4VGX7IE642QV66ISXHCLEJ72Q,16,experienced
AGHGT6MH6JN7KCLCNGDDBIH64Q6Q,16,experienced
AGSMXM27QKQ7HFURJV2OF7ZBBRCA,16,experienced
AETZZTJXWS4NRZK4ST3PKVGCZ6BA,16,experienced
AHJIORM4ZBKGEQQS6FVEHPAFH5FQ,16,experienced
AF7XM5EAG7WQNEHPOFJYINWVL5IQ,16,experienced
AGDLKMRT2LF45NZ33AHLAO2JSZDQ,15,experienced
AH6O7PPNA4UKYSZ3YGJ6GEAOYJDA,15,experienced
AG354U5GUP4UDSHPLOLCGDUJYNGQ,15,experienced
AHU45RDNIBTUI37E2JFQF7G7P6FA,15,experienced
AE2HINXVDBJYF2LM2OKXXTXE2GGA,15,experienced
AEHBDMCI26UZP2EUFP3RCFURGLDA,15,experienced
AHB376DRYQJPTS4YJVE7ZWLPTWHA,15,experienced
AFECBPGWUKS7EVF4IMVQQNCHJ7BA,14,experienced
AEF2MNATHE3ETHXTOXCMMJQN6CEA,14,experienced
AG7VLRKSW2XDJCFHVP6YBHQY6BKA,14,experienced
AHLOS7TOGXAEHWCHLVL3BL7TO7IQ,14,experienced
AFCYTMD36DULWOGT5YZRA3YTD2DQ,14,experienced
AFUENGNQ6CEHY3FKPNNBTAHO7CLA,14,experienced
AE457AIXCR7UBW7UJEOPDRJPWPDA,14,experienced
AHUMVXVN4XM6K3NJEGPA6SQIMPDA,14,experienced
AGX5YYTN6YDY5B347IQ5SBCNCRIA,14,experienced
AEJKTWGCOVQTOIOGA2V255ABCTYA,14,experienced
AF22RBWGMYVRPPFYTYSW2CU3YLOA,14,experienced
AFIHC5RQZVJAIOJQXOH6RCVEVIHQ,14,experienced
AF3RBMPTIT222XTIMNPTGXZYC44A,14,experienced
AHW4OZWXSSNTJPPAS35OAB5ZYNLQ,14,experienced
AFHVQ54523CX6UGAKO7XHVDDP36Q,14,experienced
AF4ZDZYH3X237EJHXEZW5XRHW4KA,13,experienced
AFBDSKZ2BYUJOY3NXWUZQINSZNGA,13,experienced
AE3SUESWL3N33WRTPVL3C4KNMHPA,13,experienced
AEGZVRWELHYZLO4HBKIASYCO7SBQ,13,experienced
AEZB45KAEPQ63VPUZ3GPSAYLWLPQ,13,experienced
AEP7C3ALKTCETO7FUFPGC2UUBV2Q,13,experienced
AGMX3KK3WJLGFJ3WF6BOULQ6SXGQ,13,experienced
AHK4E23ZCUMTH45USHJADE3AKQQA,13,experienced
AEWINAQUYLJHXNMAZYGIEXNE473A,13,experienced
AE62DB3UZQE2XRGZCXEBFHBLCEYA,13,experienced
AGMXOYFXA47OY53OAEEWCFI36WWA,12,experienced
AG4T7T4UECCTLBCWUQ5CCGK4RJIA,12,experienced
AEE44Y4J24EF7GDDVWD4CYUHBHYA,12,experienced
AHHP66ZZU77UD3X7URRYBSPF7I5Q,12,experienced
AHVJK6FT2M5VFH442IPS4TFSZXHQ,12,experienced
AHZHB6YQATAAFMFS6J2RIKMQBWOA,12,experienced
AE5QPOND4TAXIC6N67O55FS5T5MA,12,experienced
AGSZD4KJWDHXRECHEE4RIRWH5KJA,12,experienced
AHWGACA65MI7W47IBBZFQH4D527A,12,experienced
AHI43AGZR2C5WM6XNKENCF7YG5SA,12,experienced
AGLNZU7E5AXZT5IWNQALL657PEZA,12,experienced
AHCWNPTSFTWU5G3WFJ2YZFQWPIUA,12,experienced
AF65TNQYXH7DAG3G6ORH5SPQDFKA,12,experienced
AE2JCUYCFUYOAJYRXWFK5CAQXYSQ,12,experienced
AEMZKTAU6JERYGCGLT5DVM6RPVFA,12,experienced
AH5D7YKSHN6S5G5JQV3TMCLBNNDQ,12,experienced
AE737ONXMNKB5ECN5FFXIOBHFSHQ,12,experienced
AEQJGT5TXFFSHJDACKDH2DZPQEFA,11,experienced
AEHEQTK4RER34HG657SQFDTGC3BA,11,experienced
AHWVPWDZTVKL4BEG6PVX7VYIBF7Q,11,experienced
AERJYIUDUJHWQBF5RD32XN2NG2IQ,11,experienced
AGYKAPDJ2TWJQUCTYDV5POTZCRWA,11,experienced
AGLDB37KRZTBHPJGIIDL7GOGQCVA,11,experienced
AGD2IV2HWUPPCX5GPEG3XPB4CI6A,11,experienced
AEEEF77R6MP3SYIPHJWCGUPO4YOQ,11,experienced
AHU4MSRKOIMRJGQBIHHSWS76IS3A,11,experienced
AEVN2YEHRSHDKTVTCED2W7X2A67Q,11,experienced
AEMQ7JHYKEP26PCRW6WUL5RNZ3KQ,11,experienced
AGANJO4M6L3NBPQPXYHBWBSW3RLQ,11,experienced
AE7L5CRZYXCR3NFDNNS4MXJXAFKA,11,experienced
AHH5LXI4MVB56F2JCTZTRFUKOYXQ,11,experienced
AHU3WZEZOQKPA5NI4HZ3QIKYISTQ,11,experienced
AGUT2P7FOJQJXLJCIPTYAR6OHZLQ,11,experienced
AHGKRSTTZ4JRVCXIT4HXZFI6NFOQ,11,experienced
AGBJSHPYC27S2Z3ZHQ4ZIQGEBM2A,11,experienced
AGUV5D7UNP7UMETN3ADA4S63CAFA,11,experienced
AHZKDU67XQ6TBVGAGYN42UP6RP3Q,10,experienced
AF75TTKMD7WBT2X7SUWB4GLHISOQ,10,experienced
AESZYHWM56IMEESZVUSYQHF7JZQA,10,experienced
AGU2YV7G5NMSTZGECCGV4EVVPQ5A,10,experienced
AFA4HHR72NNYZML6ETEACXZD5Y4A,10,experienced
AGB7G56AXJLKGRI3OPK35HFY4BIA,10,experienced
AEC5UHSQFMZLUAIFNGQVSVOHQQEQ,10,experienced
AG7JNIOV2EM4VE2TXZ4RPFY4OS3A,10,experienced
AGK66AZZTVUDHCZZXN7W5YPSEROQ,10,experienced
AGACS43XW5ACIETDW7FFAV4WQTKQ,10,experienced
AGADYOLZZJ2EYOHSNJWYD4JL6UFQ,10,experienced
AEELMEGX4XBETH4TF5X2AYZTDLLA,10,experienced
AGDHGUSBH5VYQIAMPIZ33Q7VTUTQ,10,experienced
AG2QHL267U2NYXNCZS6HFUOPUWHQ,10,experienced
AEBV3PVTRG2JWMJ7C5R47G7DEUUQ,10,experienced
AEWQFV25BVWWVMLWI6UQ5ZI572LA,10,experienced
AHVS6RMHZVXNFZYNJS24MH7ICJFA,10,experienced
AE2SDCOJQGUH7X2QZI7WJTSEM3ZA,10,experienced
AGR6VE6L6SGGDFE5PSMB4HEJ7VCA,10,experienced
AENRDE5ZH5RPM3ORDMNWX5RSTPKQ,10,experienced
AHY2AL3YNQ52XJSGE4KI6AFS7K6A,10,experienced
AEO7XADBIRU52DIJZOCEOASTI3FA,10,experienced
AEJOXK253TBH6IBYG6LBVGFPZC3A,10,experienced
AHH4CDDXADB27OBTZTCL6XMRL25A,10,experienced
AF7TFX7CA7ZW65YOW2XGXIB265XQ,10,experienced
AGXD27WIBXAQQTMNLTCJTBT7CQWA,10,experienced
AHTNXNMD4J4XHS6IEVJK2KP7P4GQ,10,experienced
AEWXAPHVLH7YPNRLY4K5TF6DSSBQ,10,experienced
AHONEZMYQ6Z3MPUBDP4QQFV5QVPA,10,experienced
AE4KTNFRUHJ6JXE2PZFPFVNBNHVQ,9,experienced
AGLXLN3RTMACAMO3RJGVKBGUE5TA,9,experienced
AFCZ55HWJOJOCC7H2FTHVXB7WVUA,9,experienced
AEPCV33YQARKHHPOLUN6NCULRIZA,9,experienced
AFQWIZIQC5UQYEWDHEIT7Y243YMQ,9,experienced
AG3YEFX4MSN2JFQSQ5IVOZJEB2ZA,9,experienced
AGC6RGKTP62I4H72OJIBGF37PE2Q,9,experienced
AFZZOPDLUTQWC5WROWBALOTHGDVA,9,experienced
AGP5B4QE5JJVM2RIUL6ELV5J5GGQ,9,experienced
AHPMJ7737P3SXWLG3HAZ6DAGWNVA,9,experienced
AF7IT6Y3FB25K7I6EFFSPHV5L5AQ,9,experienced
AHHUJJGLNWFSHITIN4RRTJINSG2A,9,experienced
AEZS27KFLSTNSKCKZE3NCV6HGMSA,9,experienced
AHTIFV4X3VWPLSL6OC7VGC675LKQ,9,experienced
AGUUNCTI7GE5BFCPMX2PRI7BA4QA,9,experienced
AGZXOYC72XHNH4OVKPKT5YFCXM5A,9,experienced
AEHTGX4DHRONN6T2XI2HQCPPE6XA,9,experienced
AENGCNAMBPOB3CVBRLOOBEDILPHQ,9,experienced
AEB5NLYYR5LGCSKUFQLSJZGCDTXQ,9,experienced
AHZQQBFJYOIXKLTVOAARGSSJ56BA,9,experienced
AGWRN5M3XQKVSCD73EWHK7C3SMQA,9,experienced
AGQKZJS4GYAOSUZN2FOO4XHYR6XQ,9,experienced
AHF4TKH3DJDNFMXFYEHZWNONVZPA,9,experienced
AHYZGNWHR6YDR66HPXEDQJDQKZFQ,9,experienced
AESZOEBTHM4GY2B2JSK6Y3ZC7NLQ,9,experienced
AHMUYTELGHKFIHKNDJS5DY77VI2A,9,experienced
AEQJNSTIN6OL2GO27XG7O45TN2LQ,9,experienced
AHP4XN3WYPXXLKF6734Y5YLJIX2A,9,experienced
AGUTUZPNIBOSQLFJEHNYCZ6LO7CA,9,experienced
AELJGAQ7K6GKOHRHIK6E2ANFWOMA,9,experienced
AEUAX2QMAUHA3AVWWHLKSZ74WVWQ,9,experienced
AGUOIEL4SLMEDI5G2YQBVXL6FKMA,8,experienced
AFG2KSFU256Z5DXBK4UMOILSINKQ,8,experienced
AE4STDK3YZFE5MS2PAUIGAQTDTVA,8,experienced
AHCPVNMSNC3LEINGWAMOCWLVTYCA,8,experienced
AEK5VXVK3QSZN2UOB36BBHCHLMBA,8,experienced
AH6OSD2QJVYZGU2XNPEWJPWJPJPA,8,experienced
AFQA5E7TRH4P3ILGX4Y3T55PFQBA,8,experienced
AFJ5V4HQ5VTE3OGZQYJL7D5N47UQ,8,experienced
AG32TQXMHJ7SQIEIC7NPE4SI6AYQ,8,experienced
AF57TZPRU5GUSJSEW5PRAXUZP55Q,8,experienced
AFA5S6ETFZ3RLVO4EXZWAQJ27FXA,8,experienced
AH4XJMCZG5CV2OVHUAHM5ELMP7HQ,8,experienced
AGFWHB247RPAPC7RYY2KQT7EAGRQ,8,experienced
AE75XLGPCAOWCQB4QUAFJW3KZC7A,8,experienced
AHKEHDZE7Z6WKILC3I7WIGAPPTHA,8,experienced
AEEP4EDYEEMT6SFA2ADYBJ5V3GRA,8,experienced
AFAOFA2ORSULZHZ2XNEXT6PFPXUQ,8,experienced
AGYYMLU5DFXLGGTTX3IO3MFRUJXQ,8,experienced
AHV4BVDHBJMDG2N3JW3I67HG3MJQ,8,experienced
AGQIF2NG4RPLOAQUO5WRZCEESC5A,8,experienced
AGS5EFEWCHN4HH5CQXFCREFMVYQQ,8,experienced
AEULKDQHMOSSWEA22DVKY3I6ALKA,8,experienced
AGWX24EJ4Q6WHXPLWOSS37A5PXOQ,8,experienced
AE5SN2XJITUCGDPBMKRPVSTMC6GQ,8,experienced
AEHHK2Y35P7BQOPGOWA6VHPXN6UA,8,experienced
AHEMZUR32XHVJ3DZI7A6BQ2IBAVQ,8,experienced
AFAFBZZFP6GH5DKQVAEAZTVDIVCA,8,experienced
AGACOVGUOCMTKPL5O4CFAXOL5ECQ,8,experienced
AFCXW2E2QFJ666OEJGELSJB6XTFA,7,experienced
AF4ZLOVMR44PL3LM73EFZ673DY3A,7,experienced
AG4V5IZVD67H4FL72QTB2Y4673YA,7,experienced
AEPS6F5NZ6PITJVSSG7VEWXGB5PA,7,experienced
AEXB6MQ2S5JR6QG7IFFD6BFSOVDQ,7,experienced
AEYGK63CQ7LHMQSHZSY3GUVMAWGQ,7,experienced
AH4COCNHE3AR2MUBOBHSLHCQR2PA,7,experienced
AGDXI2Z2J3M2S6SDNKL23E2YQDRQ,7,experienced
AFV4BCH6CPCERAONPWMWIQ2GZ6ZQ,7,experienced
AEPJFTYDV2DFVTVJ2IE7ALYTM7DQ,7,experienced
AEWUDS7QQ7OYXF5OCENXRW33XILA,7,experienced
AHVD2GYT64AOMFSIMS6LZHJHON6Q,7,experienced
AH5F3X57XDF2XJJNYLKU2WPGY36A,7,experienced
AEHYY5GLIUOGN6JOLXJX73EGRHFA,7,experienced
AEYCJT724KNBWQASLU7WD546LK7Q,7,experienced
AE5PEZ2FMGNNMGYNBAH3MXPBFBNA,7,experienced
AEBOZMMEIYVVS6XCAWNPXZMYLDLA,7,experienced
AEC5K2DTELWLHBUZDPH4YNFWHF4A,7,experienced
AG6WH3ZRQTIPDSJIMLYZWNRAUZGA,7,experienced
AGB2G7BPYG5VJ5YQIAYOXYPRZ2BQ,7,experienced
AGDMH2HUG7PKMPA443BTMA5BDBQQ,7,experienced
AHCR2GYGWKIVA5H7DRNNIAZ7Y3RQ,7,experienced
AGRYZ5TKD3TF5GVH7I7ZR55OETUA,7,experienced
AH5WHIAELFVY3YQALPG4OUTT2TFQ,7,experienced
AFT6OKQOJVVW26DXMDGY2F5H47PA,7,experienced
AGFDFRXHKGJKUH3MZVXIN4IXMBEQ,7,experienced
AHCY546J642JK3ENUEUC5VIT7OVQ,7,experienced
AHCV65KOPDKR43THE2AJRKR4EHOA,7,experienced
AEIJFO3XKBQGZ76HVD2IESEB3Q3Q,7,experienced
AGRJJQUG7WICNJSPW4SRRNXER5DQ,7,experienced
AHUJPM24B4GIEXBWYWT5YMJHDODA,7,experienced
AGBQY6SBV4MLGWSPM3OKTESO5IKQ,7,experienced
AFR4ZJYQVTNCZ5BTU5ETQ57O64JA,7,experienced
AEVVGQU2H44WWCTIU72UYO3H3YEQ,7,experienced
AHIOQGO5VZJ4WXX5D4DWMIGAB2JQ,7,experienced
AF5HSCQ3TO4IBCVIFQYYTRL23CHQ,7,experienced
AH5AUWKM4ILEN5GRT6E2CFKXIFNA,7,experienced
AHX7BNRXL2RZ5QMNXS6ZXINVPYNQ,7,experienced
AGHUXA46ONHXMC4Z2M3XIJHX5XFA,7,experienced
AEZUSQKQYP3QT2RWY2FALDOYFOAQ,7,experienced
AG2JKDE5KROW3K75BQLJM4OUNMSA,7,experienced
AHGBPSYYE2FFCOXWCOIDCSV2BSAA,7,experienced
AGBNDAH7O4IILL4XHUB5Q7BLRX5Q,7,experienced
AGMJBAOICRRYO2ARS2IQYDWXCT7A,7,experienced
AHXJWRCWLJ3NEJN5F3ZQT267NHXQ,7,experienced
AFAV6BHVCJB27ORYQMUF5SOAMYQA,6,experienced
AHLBIUKEID7U6VOQW3SFPC4XHBKA,6,experienced
AFFLBILCIUV2TKITUZWMNYWGOXOQ,6,experienced
AGV3F7W5NO55MZSG4OILGJKOLSOA,6,experienced
AH3GGZ33QX5FW3SLCMYPEPHSGDNA,6,experienced
AGURYJSTY2M4JG4VNM2WNHYDIXQQ,6,experienced
AGZNSYBHH43EH4AZJ4QHU5XGPWWA,6,experienced
AEP25PSWWKWWQMSQHF43ET22DSYA,6,experienced
AFZ2AHBF3DKHFQ6XJ2SCAOQIYGPA,6,experienced
AFKF4BOGBCEBJIXHXKJ34OWM2HOQ,6,experienced
AEOFUV4Y2W2KHURHN2RQWJBUPSKA,6,experienced
AETXVHUME4SYM3CG3M3LCIEBGYRA,6,experienced
AFZGIHCEK2GB2DF3URCIGNTEAHCA,6,experienced
AEGO5SWGVQLFVKZJWOI35LGVTVBQ,6,experienced
AGX7HNIV4ZOEMETPFGPIF4USVBPA,6,experienced
AHGQPNTRMNFRJKTAO4BA2BPDO7FQ,6,experienced
AFAON72XQ33TXGPD4XYMKDUBDKDA,6,experienced
AFFOEG65NHSTLJGKNL6KYWMJSLLA,6,experienced
AG5R2XJDHMLPZWPDGNACOASA37NA,6,experienced
AG4H63OPAWBG7DY6WTFSIWIZR3JA,6,experienced
AF23XXEZSEG3VEO2HHYP4JDSJSOA,6,experienced
AHI4C3ZBDANCYGKNA5CY5NEQJ75A,6,experienced
AEJAFSG3WLIRV6N4X2WDDWASFXJQ,6,experienced
AFU6F6ZPOWB6LWSJBUFACK576TMA,6,experienced
AGWUNEOJ3ZJPHBRDNULSPFZEGOPA,6,experienced
AFRUSTVJYTOY4ZXXQJHN25W62ZTA,6,experienced
AHPPUTHAI75WUJOTLU7XKCR2KR7A,6,experienced
AE5LAGL5ERUMRF6QHKGCYWKTWDSA,6,experienced
AESF5AMF6TEECAU2J3YYFIYEIMOA,6,experienced
AHCYIUWAUEK3SH2WI4QTOKX2VGBA,6,experienced
AFAEFTTHU5B4FQ7RAIGIWLT4KY4A,6,experienced
AGDVM2RPFL4JQEJULVUJP2F77IIA,6,experienced
AHD4UDJETI4S4OVT3KLYIW7ATJDA,6,experienced
AEBYOIBIUGHMCRHHJ4CULYXD3BAQ,6,experienced
AEB7P5RK5ETND5MWQSZPSPN54GCQ,6,experienced
AE7YOOBUTCUPOXQLG4BR5AKALUQA,6,experienced
AGDKJQICMWUPENKJWC6GFHJ6QY6A,6,experienced
AH6VFIRPEGAQQ7WR5URHBGQQWXSA,6,experienced
AE7SBY37IIJPTUCN7YDFKUVPEW2Q,6,experienced
AG2RIAM2K6OJP6N5252ZOG3ZIU6A,6,experienced
AHC6Z54237WPJPI657Z67U3BNL3A,6,experienced
AFPJP6AJENDMTZ6MHNUIK6BEKJEQ,6,experienced
AGCZ3PPMQG5QWLCKO7OXQRNM6OCQ,6,experienced
AFC6F6VKOJM2FD2GPHTPU53DFGGA,6,experienced
AE7I274MXMHV37HHNX6R4L3BVQRQ,6,experienced
AEQSEEHJ2CKCWD4I43F6P4IIZHKA,6,experienced
AFFTBGEDNO32G35AAEVMQEGBVARQ,6,experienced
AHUI3GGVEKRMS5YZDADQ2PBKC74Q,6,experienced
AG5F3BAEUE57VOTKYAVZMCP2JISA,6,experienced
AGQCYOCQBP6PM5ERMMQK4WTMSFNQ,6,experienced
AF2IAHQ2LLEIRPODKSEGA6ZUMHFA,6,experienced
AEIJKAIEFV5QA4MST2HFMAL7SSKA,6,experienced
AHKINPONANH34IWQ74CGTQEDSJUA,6,experienced
AETJR7SCGJ7L5TGPCJO2HGLFVHGA,6,experienced
AFTOW3BVZKQIJVXISEBQTEAPYWXA,6,experienced
AE5OOGHNPO7SQPC7NADPXKAPM4IQ,6,experienced
AECEWARW5HUXGWT3K5W6FFMBWSXQ,6,experienced
AEUQTX4ECDBVH2KNZQWBNXTFHVJA,6,experienced
AGB2JXM5UVX4IQIS76RJIJFCFGVQ,6,experienced
AFQXZSZ6SSIUZDCC5EDKUGN3TP2A,6,experienced
AF2KZEIRGOLMLCCGBYMP43EMIOCQ,6,experienced
AGOX6FT4J3D5AHZCKAB2M2QPUJ2A,6,experienced
AGAKZLAKESFKDF74TTOINSKX3XUA,6,experienced
AHURZ7DN4TD7AR27QVKNDVDYAJCQ,6,experienced
AGBU2VNXLBTLCAQKHHNN6TZJFTQA,6,experienced
AFWF4OKGFJDQZLGY44VXHEEUZENQ,6,experienced
AFGBHTIUJJSOULK6NEQPNQOF5UPA,6,experienced
AG4DCGGZBPBDZV6SII7R7KJII73A,6,experienced
AGPT5NTCNF3E3RAAJ46OALLTI7DA,6,experienced
AGNMATHLNEOBYZHIOOTGOFMM24AA,6,experienced
AGM5O3RXWS6BCJDO5LQPKD6AX4UQ,5,moderate
AH5EKQ2KXNXRFU5RCCBUEBGB6PPA,5,moderate
AFQF73ZRJNYKR4BJY3JBITHQTH5A,5,moderate
AHOQYO2PWYYAUDEAZGMWZOQUYBJQ,5,moderate
AH62CMPW2T4KMKKNZDCB7H2PDYIQ,5,moderate
AFGWDHMDGIUVQ5T3ZHYFLVEWCJCA,5,moderate
AEURMLNEO6MZKIU4U6HCEAFEEEWA,5,moderate
AFCJO46UBPYKTNBOOFQHWZBSN2GQ,5,moderate
AGWCURFJ56HWUV65L5LI27NZC4HA,5,moderate
AETZ4KRRXQCXVY53O6VINJ6J4M3Q,5,moderate
AFD27WGZYIVH72U26TTYPMFCBA2A,5,moderate
AETIP2TXSCKF3NEQE4VGU2JTCNJA,5,moderate
AF3SPFVZH5WZGS3SHGVPL3KDSQXA,5,moderate
AFJ6ME2A33XMFBEYZU6VZTI6N6MQ,5,moderate
AHMDW3UAE6B27HG7J2ZFVLTOUGWA,5,moderate
AG2XTOZU5GVUWWDJCHKBFMQKD4WA,5,moderate
AENROMTF63227WVXHPIXLU3K3RKA,5,moderate
AGJUJWGKFH5NMH46F4HUNUW5JBQQ,5,moderate
AHBUXXRVT3NSRMZJS6MDIDIQSB7Q,5,moderate
AFABDHAX4UX5QYXIFBZEQRL6P4VQ,5,moderate
AF52LK5SOADDRIGVFKM3YH6ALHXA,5,moderate
AEWP7DNGDFFJYEVOPFHUUBL6AHNQ,5,moderate
AGIILJC5UOMLBK27T5QQQ3NVN5NA,5,moderate
AFF7JSN3EKW7HAJOEOWYQDNSFMTA,5,moderate
AF25JZRMLGWU4GW7QJKZ7HGMAREA,5,moderate
AHC4Y7C64NAFLZRYCCRTSAECQZEQ,5,moderate
AEDXUQRCCK25LUDLWEHC5FZFNJ5Q,5,moderate
AEN7S54AJAI4CD5ALHL7OJTAIAQA,5,moderate
AFKG6KJSS3TKFRDOZENQS3KBRGZQ,5,moderate
AGB2M7DAPUULOBNOTVUKLA46UFXA,5,moderate
AGMQW36KUWSQDJYMAASDRZCFZAKQ,5,moderate
AHJHIGTNE2SMZ3J4SPJWIWSUKOQA,5,moderate
AHSDDWRAX4EKNIWQ7H4OPMNY7B6Q,5,moderate
AFY66NR26B3CUECACY3HUOYSN4KA,5,moderate
AF76LF75L3QVHNJCAQKMORRHLOSA,5,moderate
AFN7LLAGVIPFMP753PYFKC6O7BMA,5,moderate
AHT7KX4O2B2BE3EVPHONYEYLJ5YA,5,moderate
AEGQTI6QB3KYPOXYMGITJTU3KCDA,5,moderate
AEWLDC5DV4QU7RTURUBB3W2YVADQ,5,moderate
AFDTNZ5JNONKZV3M5BTD5EUJBFOQ,5,moderate
AFHOEGTQ27TZOYJYDEUF5U5WEOJQ,5,moderate
AHOBOF57B3UV3PLHEDMRLIQEMF4A,5,moderate
AGED4T5YLQLGFPI56KECR3HIHX5Q,5,moderate
AFIMVMEN6LFV3NZ3NBZGYSUXRYAQ,5,moderate
AHEDYEU4QLPQGEYWQ4T7Y2ITUMXA,5,moderate
AH2OU52CNFVSHVSDFK6TJLWCMDFQ,5,moderate
AHIGTRLQE5R6BWOM2ZQVV3Y7SJOA,5,moderate
AHHTYYUDAB4BHL3SXQBH2GGJPFCA,5,moderate
AGVCZRDFOQDQJR7MHTFO6WGAVJYA,5,moderate
AHPEPBKB7HORLXWWW5V4EIDDGVQA,5,moderate
AHNNWCXGKTUS7SNRI3ELE54FYCLQ,5,moderate
AGOU7HWE64IX6OVLXBX7EROYINIQ,5,moderate
AFP5FXNNXIJKIZFU64U4L232KQSQ,5,moderate
AEDXONJKPWVUQSPJCCMFCUZC2GGA,5,moderate
AHRTVJLVVFDR4EOU2KQL5XOPZTPA,5,moderate
AGFYF5H3NVAEOIYAWCRN3MORNAZQ,5,moderate
AGC2MZYNLL43MFFSABZSNY4VSJ6Q,5,moderate
AHBHE5TK4RHHTDVUQZLYYRD2EEUQ,5,moderate
AGV3QI62L2XDUHEAVJLUK2OL3FEQ,5,moderate
AFOKC6ZCLFFHHE22E6CH7A7B5NEA,5,moderate
AFUXMOIXXW4E4AQM56SP5QYEQLMA,5,moderate
AGLLMVA24NAUUOUMH2LMRXPJVQUQ,5,moderate
AGMPH7CHUWKUZBB77IQSHGC6ANRA,5,moderate
AEJGHODYXRHZWHJLJHEM7LBMGXJQ,5,moderate
AEBVJXTJO7GV3BPZ2OOSSW2NLNKQ,5,moderate
AFC2NBKKHBRNIQKLIUBVNTPLAUIA,5,moderate
AGMSMD7Q7X4L3NE7RFGLGC5JNB7Q,5,moderate
AHT4TGKI47GVOTLSW7HATKVAVXZQ,5,moderate
AFOLSWNSUSD23QJRCKU2JBSD6ZQA,5,moderate
AGPPYJLFAEJQBAJ5KJTWBJCGRL4Q,5,moderate
AGY3NX4DFJFLTQNI6K6M7ITZWDWA,5,moderate
AE7Z4Y3XJDAFG5XIWR5ALRLQGMYA,5,moderate
AFI2XAIMCXOJO3J4CB6PWONKDGLA,5,moderate
AHBYH2SANBFQVMDXGTYZEQOCVQ5A,5,moderate
AG37EWNTEMSUTILB3NCT7IECNC3Q,5,moderate
AHOWBSK55HWOWTSJIS7BXPJ37MLQ,5,moderate
AHJMJA5EC6DIO6NZYSGGTBOFI6UQ,5,moderate
AH7AWN6ZHLOPMOYUUQFE73KFJPSA,5,moderate
AHUDG264LJL2HUUD76C3BBHEPSGQ,5,moderate
AGBMHEPI3FE5ZWRK6WM7T6GAHIWQ,5,moderate
AGUJIEONQFJRJE4YESKFVSZ2RSYQ,5,moderate
AGJ3MS5XY3DNA5Z6DS74PDBY3ULA,5,moderate
AG5MMUUTA4VFJFWPLT7RMXYPNLMA,5,moderate
AHCBHHLL6OPT655WBC36IMZV5VPQ,5,moderate
AHQM3ZGHTKM4TWZFSJ2HFNUYPG5A,5,moderate
AHBBH3HGVVNJAL6CD6O6IZC55AEA,5,moderate
AEOJKUN2ZELQI7V4POMPDJET2MYA,5,moderate
AEOUCUQHR5G7P2KPTQJMVTW7L7MA,5,moderate
AGYTJVJADPFLKBQKMWPXNDXVZ6PA,5,moderate
AGEU5DKGGUO7LSJCTYXYJKX5NRIA,5,moderate
AEI2ZYSBL42WRKYWZMWLY3A4FVTA,5,moderate
AG7E4C7J6ZYYV6H5O5DQ3EY3Q3WA,5,moderate
AH7KGTQWC44GYWHKACDF46LETR4Q,5,moderate
AGL7IXFYZBFCBE6BLHVYGVXTE5IA,5,moderate
AHF3CRDQEBPH6ILXCK7NNTBFIOSQ,4,moderate
AH4CBC35AUOQXCAUDYE4JWU4ECJQ,4,moderate
AE534F4DO2NRW63CNYUFH22E4SQQ,4,moderate
AE2ZWDEIWRGUO4AJJ2LVE3FQTSXA,4,moderate
AGUOCSM5C4ZDSQUBC4NL5BWME7LA,4,moderate
AGFIOL2TIRULUVTAFKP5UKOOCU4A,4,moderate
AFOHO3JOJNRILWADNSWXRBBG734A,4,moderate
AE2ZZRHTS7IUKNJJSNEQZEYIQVYA,4,moderate
AGNEGZSQ3CTDCUXUO5HSFJ343HUA,4,moderate
AE5MOEZM4YYH57M5XTMTS22TBOFQ,4,moderate
AH3DMIK3JWZOEXPRN4FV6ZOS7CLQ,4,moderate
AEMUGFBVDOXFU7QHEPBPK25EF4VA,4,moderate
AHZJA6WGL4BOMNUQDU3FF3VIFFHQ,4,moderate
AFL62GJTY5HKKRMYBINSSFQYQ4UA,4,moderate
AF2WQQTG4NCGIBYKTR4UELT2PS7Q,4,moderate
AHPARUVHVAXO7NCOJQMTCO46W6QA,4,moderate
AHSML6HG5RSS7XQPR2FDVOYO2L5Q,4,moderate
AGX2A6TSAJQY2UMSGE7T6S6VEYUA,4,moderate
AE2JSXGU33LWKRAAMDQHPJYCB52Q,4,moderate
AGVAQSDRH7R5CSXU7VLWWOK3A67Q,4,moderate
AGC42OEWAAHXXDLM7PNKMNJG2SIQ,4,moderate
AEJQFZQBG4EZWXNZMHZ2WKQZ5H6A,4,moderate
AFR2U3HWGCWJFX7KYR3OBNHGF57A,4,moderate
AHXIJGXECNM2H6TOO2LW2ZQDMBTA,4,moderate
AFC3HPK7LNHUTUM327I4GGVZA4RA,4,moderate
AGXAW2E7PPW3GVD2CPFMJLN6IHDQ,4,moderate
AGWE7CZ3YQJCLGG3GHEPB4Z6BZ6A,4,moderate
AGQLHCV4OFTD2SUTVVW32EW5MXIQ,4,moderate
AED7KGI2PBPD6DQTAXH4DNQPC4VA,4,moderate
AFDU3D36UGLMERCCGKGEVKVP53JA,4,moderate
AEJTNVQDVZF3Z5G6A76VNHBNUQSA,4,moderate
AFRFZ3NAXHFHBOCYRQLTYUCJ4ONA,4,moderate
AGP3HHI4BLBDFBWRFCLBXF4TV3EQ,4,moderate
AFZLN7DB3TOYZAWS7LJE2SCN7LKQ,4,moderate
AHZS2OPFHTOK6H5V52SCF62QUDXQ,4,moderate
AF43VLUNCMVR4GHU3MUK7GTZPVUA,4,moderate
AFJ5DMPDONYDIWVU5OCZEJW26HWA,4,moderate
AGCISS3SNT2VGH5AM3AJRXIWMVTQ,4,moderate
AHVO4CDQVYF7VXPPVMX6Y62MCH7A,4,moderate
AGUILEJ5KHBVBXSZAAZHNIAT6WQQ,4,moderate
AFUUSEXY4SFZXQPUFM74XQ4H3YGA,4,moderate
AEM23MUT7UTP2Y6NSQPEYRKIXNIQ,4,moderate
AEXZKBWCXOYDJOI5ZLWHP2VI6EHA,4,moderate
AGB5KSW42TYESQNSTP3FLDPUOQDA,4,moderate
AEKXTB6CHCOCON36PR3RT2K4OCRA,4,moderate
AGEW7GIIOCXAM2BA3VUEK6BDYITQ,4,moderate
AF7FLLT2VWW4G4T7WQ5T4XC2E4AA,4,moderate
AEYXWZZ6SP7I7UET3EOROV4UW5JQ,4,moderate
AEHR2HPSQXFU3SNGXKKCHB6I7HQA,4,moderate
AHB4QIKLFEQ6IHRPDGZ2YPGWM6TA,4,moderate
AEIN2ZZZJI7WNX5WD2W67VYYOKJQ,4,moderate
AG4R5K5SXLO4L4RZ2PZMEK3QWR4Q,4,moderate
AGJHVEORWY3VLLS7KN42SZYA6AVA,4,moderate
AFZ3ZH3ZYFTRGSPQUUDCXRNCHKQQ,4,moderate
AG3CRSSDFSJLWEN64NE3YXKVMU4A,4,moderate
AF2NX76RSTCLPQUQGHZLX2XTMMFQ,4,moderate
AFWDPBXVLEVV65LS7JEXD2BCEEIA,4,moderate
AFFRISA5KHZ5QHDMH3BA56PBAXCA,4,moderate
AEE7WLDZFNLKIY4O267MYNEYKEBA,4,moderate
AFGLPXPCJ6T5WG5QVZJRZSLUCBPA,4,moderate
AFDAGNAY36K423YQGE6ZXXUZHWHQ,4,moderate
AEFVWSJSN47CHAJXJDX74K3FMKFA,4,moderate
AEM3JWEDRG2ZJ3HB4BECWT2R7P7A,4,moderate
AEAHZUZIVI32BAKOM245G4Y7MPZA,4,moderate
AGPCL6ERPJZ3N5DID3Z7RLKPVLFQ,4,moderate
AF5ILI5K3KGHYYRUAWT4FFSNXHRA,4,moderate
AHW56E3C653XZNPAR2BQVTPMH6SA,4,moderate
AFA756T472CDI5M3IXW6FUHAJFHA,4,moderate
AGO5MQ5TYSMFEIAU2Z7O3FVFGUDQ,4,moderate
AFJXO5L4XDYRS7B3N4KPLL7LLP7A,4,moderate
AGON3KUJEVZP5RIHJ4BU4V6QWUAQ,4,moderate
AESH2TXJA2TQFDVAGPKYQL42FXGQ,4,moderate
AGW4YHTNXWDT7P2YQ3L42E5XTUCA,4,moderate
AFOP77BGMCN2OLE6UC64BSW35LUA,4,moderate
AED5N344TXPVWJ73MNQCVKCKOZPQ,4,moderate
AFVQJCR5GEQW3CBKW4FUO2F2LCHQ,4,moderate
AEU7CG65W2X4FNRDFBM3W5SCEHKQ,4,moderate
AGMFGILYOZGNAMJ6XPEBIH7KUKIQ,4,moderate
AFFKS52A7KNUYWV2KBDUCEFI5ISA,4,moderate
AGDCBWXBNI3IFHG5F3OINUQ6WQ2A,4,moderate
AH55MIHJAPWL2LAWLTD6JJDKKNTQ,4,moderate
AEP6M5KWYGEUTYJBBOP5ZZLFFPZQ,4,moderate
AETQIQNAXOPSL3IPTS7KCVBK2VVA,4,moderate
AGBINIMU4VKIRBPGNESWPYIKKYJQ,4,moderate
AH57EEU6W3UPLQEFSIUCAYRS6YRA,4,moderate
AFWFOLRFHM2CW3TLHRWDVHGEOYIA,4,moderate
AFXIYH3YN6RNBO6S7XWUU3EIDSUA,4,moderate
AHTZLOS3BFN4AIFJDVFPWLXYO7JA,4,moderate
AH7KRQKHLNHFYUAVOYST2E6TFBXQ,4,moderate
AG6J2RMR6VH7R3B43DCZIHOTDFOQ,4,moderate
AG7V4Z3KAXNZ4AWVRTF4EDRXV5ZA,4,moderate
AF3LVIPZ5WADQIAKR24UTIMLMBPQ,4,moderate
AE7Y2YRKO2HZPSRGXK6KQVAAQFGA,4,moderate
AEVDHYLUYQXYLID4O3NJF4MVBOPA,4,moderate
AHAHWRBSE2AILFLXRK6XJYVNS23Q,4,moderate
AGPDMDQWZTOBC25XR6ZX52NBR3SA,4,moderate
AEZDSQ2OMJIIX2GLB3DLR2DVUZZQ,4,moderate
AER2NU5GMBP2W2ZMBVIEUW7UJVLA,4,moderate
AEBJB3L4N7BMMYKI3UUCAZWYBGVA,4,moderate
AF64Q7YYDLWWOFAQQVIOUZIN624A,4,moderate
AEZUKNW37V6RRGGCZKEUPDZQWR7A,4,moderate
AGDZNZNKTY5BNL2QTRDLPTEYIGPQ,4,moderate
AHOCO4CMIUS3QNWI4PVLH2KKTQDA,4,moderate
AFAI3FD5WLT7BSXZGYE75T4CF5GQ,4,moderate
AG7LKFGSPG5X5ME7MJOUGLLQDXHA,4,moderate
AGOCIVDYS54RSVIE66KM7ATZPZWQ,4,moderate
AF426DDXTQHDJJPST7CTJOKLC4NQ,4,moderate
AE2QRLBXOKRRI2QXDUS7XQSOBN3Q,4,moderate
AHM5EIGBIML23GLPVIZMNCVE3QNQ,4,moderate
AFWMVG7NWI4MT7KGE2GJFMQ54HFQ,4,moderate
AFWSROLSIQLPNYG5REI7QIN2HAUA,4,moderate
AHCXMATOMNZNKJ66N4Q2PCLHPVEA,4,moderate
AE2KLPWGZJ33SXSR4FB2BHFI7LZA,4,moderate
AGC4FVHDCE3ZQWQKYQVWWWWS5PYQ,4,moderate
AGWZYZJOPXFV75J5JKWODGLSQYCQ,4,moderate
AECXC2EEVRVSAWCATWLRMUTFXBJQ,4,moderate
AHP4BBZCHTHXP7GONUHH2GLUPD2A,4,moderate
AFU2D3QBP5CLKZ6AJ6NV5MZWDZRA,4,moderate
AFXFMDWQO43WIFIGMUBXKHSD54TQ,4,moderate
AGHDWTD7HLCW6PRDCYXUOV6UW5MQ,4,moderate
AHUJHH22QFXDLPRAUK352AKVKGIQ,4,moderate
AE5MYBHVT3F7YAF4DM2BGC4RXPDA,3,moderate
AHKMPTYVQIK7AQFJFWQS7K55S5ZQ,3,moderate
AE4CKMZQ3ABQ4ZVXBIEMSFV75ZXQ,3,moderate
AE47ZGXXUULJQRXGR4DM2UXKFMKQ,3,moderate
AHBTIR3B2SHXUXZPY6DQKMSSYBOA,3,moderate
AE2VC4NOWCCJEQONDK7F2JKETIJA,3,moderate
AH6GTPVTFZKX2JS7P2ZW3I3CVRHQ,3,moderate
AFFZGYTCTO2FFUWWPHB2MUVEVHJQ,3,moderate
AGNEQ7ST6PSHC4PZDE2O4Q7XIEAA,3,moderate
AE5XXATSW4WFXKRNVMBEM3F54YBA,3,moderate
AH4VJVJJ6KVUPHZZGNPCLUJXMTJA,3,moderate
AF3YFNK2VA67TGB3CA4RL57IWKPQ,3,moderate
AFGYMJFR3EOGRZWNOLAEKG5MOK7A,3,moderate
AH5Y7FIYKANNT73UJIPKLCQ34MMA,3,moderate
AHA5VCXYAZDE5O5YVS4DLCGJEY3A,3,moderate
AFFFN2ZJ64FM3HM4BJIA3SXLGDGA,3,moderate
AHQIWWKSFJSFZKCXK672MJFLKXJQ,3,moderate
AGVYYI2IDYOATBOKFVSHW4Q2ALUA,3,moderate
AHPQ7W3SKUB3F4UJVM3KUC5CK5WA,3,moderate
AHMSJHHTDU6FOXZV7N5Q2ZBZ2IDQ,3,moderate
AFXE75TSEXJTDV2E6E26HB2D46SA,3,moderate
AE2AQG2VIKGWU6NQA5B2VVSG47YQ,3,moderate
AH6ZXKQ4M4IE775GO7EW6MGDHYPA,3,moderate
AG6PAER3VARK7AL76D3TGYKGPQHQ,3,moderate
AFOG3GLCNPGROA2BGZYLQ7UZDU6Q,3,moderate
AGWTZOTASVDM4LX75MLJETNAUSIA,3,moderate
AGMZX4WQZY7NQ6GLHCCTCAYG5RHQ,3,moderate
AG6D46E7NFWWAWBICJ6SFSLP3B5A,3,moderate
AH2E4GH7A33KA6P6NRTLN2N4V2JA,3,moderate
AGVOMZOC6FTEPHIA23W7MLB4ZJNA,3,moderate
AEJDM3V2SOX22V6JYXH5NY6YN6DA,3,moderate
AGH6CENVGJGBJGJ5MEUOUIUTQGOQ,3,moderate
AFK5YLBS6JJO3KNQGXRM7UWBP3TQ,3,moderate
AGP5Z3PG4Q6XOP7WRDDQQGSOB3UQ,3,moderate
AE6JHPVN6WP3H2WVOSWZ3HYN7NXQ,3,moderate
AFNBOGWY5RGNMVY4W2SL2HCDRF6A,3,moderate
AESGO5DTE4UA54G5ME7HSYGWGTAQ,3,moderate
AG2VRMCGWPKY5ATZXM4JPWKWTNDA,3,moderate
AF2UMQTAHYXMLNWFE6YAHLIC2TTQ,3,moderate
AEFCX2RRLZ5KCMUTVBTMG3IYAWZA,3,moderate
AHEVVTRFO72D53AOG2IRJ3MC6QEQ,3,moderate
AHHNJFVOS72A2XVEXMRO4IVKSV2Q,3,moderate
AFJMGDPRCYIICPVM63BHCLJSE7KA,3,moderate
AEXBCVY6QPOAZ2BNB5XZHQOVNP7A,3,moderate
AH4GVNKJGKRVQFYUQJ3ERJU4STZQ,3,moderate
AGIQPN2LRATZJNVTYYY6HNPHARXA,3,moderate
AHBHY3IQO3RZRQRDOWTPB57HFOEQ,3,moderate
AGXILBGMEUQQO7YZZAL6DMCAEIGQ,3,moderate
AGL3BDTVCANPTZ3VQGBX5YTT3L7A,3,moderate
AG5CAENZ3O5T64FNCOAVJV4WX7LA,3,moderate
AGLJADMGTDORVI54RQA3FHNE66ZQ,3,moderate
AGXR2WGAQODXEF6XANUZJAGGKV7Q,3,moderate
AHC56BKSSEUEUDLA56AXYWCGA2IQ,3,moderate
AHBNLAZ5U4QAMLKRG27P3WTXIOMA,3,moderate
AFSSTC73WRZ4RRDCHPXL4Q7GEXIQ,3,moderate
AGG52YP6RFLKFNOUK7HGLXZZMMRA,3,moderate
AGL5LGU6PRYY7EQ5D2BPF5FEH6QQ,3,moderate
AGCRQ5PQR5DS4WSS6TZUNVB2DSZA,3,moderate
AE62OEUKL6XXEFFTWTKNXAHSNAZA,3,moderate
AH3YPURIEX4FNXXHGQJETRGVZFNQ,3,moderate
AEIIXM3LB5OIOFFW3SLRC7D5BP2A,3,moderate
AG5TSPTNXNGAFYF75N3HODOW3LVA,3,moderate
AH73OBWS2R73OQIDIUCJEYZCLNYA,3,moderate
AHX2O2L2NLYLS7RXUWEV2VAGGTPA,3,moderate
AG4PFLRP2NCC6A73YVYZIPI3SNQA,3,moderate
AFEK65EG2EFHGVGA72FXKT2TZZAA,3,moderate
AHWMQ35TOOBF23LV6WMJPR4EXCJQ,3,moderate
AHUNAGEY3HLH53N5FFPULQRO2FRQ,3,moderate
AFVKL2S7JSTLFDWKHV5CNE5ABUDA,3,moderate
AGBDBJFD56NMVFKGPQL6DHCSENGQ,3,moderate
AHVADVNXMHQ46H2FKMQUYBQWCPMA,3,moderate
AHMYVGSZ25K47ETPONMDVVXX7VUA,3,moderate
AEFUJFCUC47ACQTXOGTVX7J7L7DQ,3,moderate
AFSFAIPWUD4EIK3XTR2OTARCCKTA,3,moderate
AGN4RMP5XJZHYBISPHVK7XEEOELA,3,moderate
AHKCCCCMXBBXGS2E3V4SKR5SBVIQ,3,moderate
AHVOC22QAJ6RSZB66O27ESIDRIEA,3,moderate
AGK4RI5IN7WGCEXOETDRGMMXREZA,3,moderate
AFTXLXZM5LF3VAWADAFMLKN4RFWA,3,moderate
AEDVTV6IZZPM2FQ2COKYU5NMKMWQ,3,moderate
AHUCJCD2UVOYLWVSWYTWGP4INE5A,3,moderate
AFIMA4LDJEENLOY7ER7NBLEWGG4A,3,moderate
AFFJJJGX5L6DVD5SZE5JCSTN4DXQ,3,moderate
AE4YGE5S6CUESXE7CFLN3NIQDPKQ,3,moderate
AH6NLCIL6YP7GLSCUNUYGH3NFNJA,3,moderate
AFYXSWT6DHNFMINSBI5MGSLR4ABA,3,moderate
AFW4ML232IY2Z3ZDEWMA6VBALXGA,3,moderate
AGDOXOQAU5JIVLV2SQD722UROWKA,3,moderate
AHXDEXVQJ374FUVXAPDW5VSKQKEQ,3,moderate
AG3TTQNWVG7BLUGIBHYWPV7LFKOQ,3,moderate
AGA3YQLGLSFF3HLCKJOKOMO66TKQ,3,moderate
AHNFMUQKPDGN22WWLWLTFREXBN7A,3,moderate
AEW4DOMGL62IY35663MQCOGXV27Q,3,moderate
AFHV45STEYR5PAZXI5HTPC2BWZHQ,3,moderate
AGK5HYMWOJPARZ52EWTLEEISDR3Q,3,moderate
AEFKQD2CC4CZU4ZI54OGWFHPUK4A,3,moderate
AFVEG4EJYFAY7CXEEKT6NGEA4VBQ,3,moderate
AGITVV243KDCOZI5MO7V6CKGNALQ,3,moderate
AG2PESLNFRNYNJETM7QFQTWHSZ4Q,3,moderate
AFPL2FFMPR3Q5PCNXRGH4IQGA3PQ,3,moderate
AEYTSNYVLPXFJPQXC7H5L7VFL2CQ,3,moderate
AHIBP6EKFRM4TGGOQY75NAMYNVDA,3,moderate
AHSVRVK4X4NYLYVZ4344AN7UUFIQ,3,moderate
AEYTZVY7YPXA5DBAPEQOKQUP2KPQ,3,moderate
AHXGEQJDZZ2CCK4TURURD746I3PA,3,moderate
AHS7X5EWIQDHSSQUKQNG7WCNFBIA,3,moderate
AH2753AMM3HF6EC77H6HNFKELHGA,3,moderate
AHLCIST3JA7UEGFVQ6H2OLEDE6UQ,3,moderate
AERCGGCWQBOON54IAFZMAJEQSXKA,3,moderate
AEHZLM4PYCLYCIR3HCHKGKMUG2UQ,3,moderate
AE3YB7YQKUIDDOC52J2DKCKFWVUA,3,moderate
AH2JJ6LX7OPWID5VV36TKR35DIEQ,3,moderate
AHISOLWQYUHJB52CMKYUC6V357DA,3,moderate
AG4EAMZL6AJJBUG245OPFPC7DZ3Q,3,moderate
AFRIYF6V3OXJYCAZ3FYX43EYS6FA,3,moderate
AGC2QWS6N56FDMDKNPL5S7NJDB4A,3,moderate
AFHW6QHIMC6IN5ZZ3WHFYNMS4KWQ,3,moderate
AG2RGDS6VIK4ZSASDKQNV2GJNEPA,3,moderate
AEZNDYXIFAYNTI7TG4CKGXKHJKUQ,3,moderate
AHZRSSDXLSMA27IEMZATPSAY5TCA,3,moderate
AHWN64KJKHSBFM4VOV4OBOIJYGKQ,3,moderate
AGGCVKWR7LGX4X74B23RLNSNO66Q,3,moderate
AHHEE4ABCYQNUUMIDCETP3BLIFFA,3,moderate
AGFQ2YBOW2NZP5RXEYT2BLG6DSIQ,3,moderate
AG6UCOVVQQ3ZGD3VK4QHXOTRBX7Q,3,moderate
AGCLR2KQTZ4YVKTOSYII2NQ5ZTTA,3,moderate
AGT7TH4L5CGFMZD3W5FRXUHQFCAQ,3,moderate
AFZWA5YOC6U35XMFYCOK4YBVY3JQ,3,moderate
AHR73QMEOMW77LKYOJDHFXHIYBEQ,3,moderate
AHAMUMW72WSDU6S56W7RQ7DY6HZA,3,moderate
AFMJOGIZ5YH4R4LSF4VSYO23KDKQ,3,moderate
AGZVDYBH65XSH6O7SNIKBU3L3CNQ,3,moderate
AE3GVTRJXS5JQWHCTOOSD7HARQQA,3,moderate
AGOXFTMFFU7F3EUFCADVVMVUGRDQ,3,moderate
AHIXFG6SVCVFUKZ5QTLVEULV456Q,3,moderate
AF46UCJODJTXO2RICJ34B5CLZGIA,3,moderate
AEZHTOGD5SDCCYXPLTRXH4NIUFHQ,3,moderate
AFICAHVFXIKXHXF2OVF6URIAGX6Q,3,moderate
AHQ6KJ25RVANNZL3WMO65HQLJ7LA,3,moderate
AGBNLZJYWYJSPY35Y77GXKKPHCYQ,3,moderate
AGC5ZAPII5LN2YRHVAOARWY7F4TQ,3,moderate
AGUDRBRV64NQB5NELD73JKR4BUBQ,3,moderate
AFDK2WXYVDT7X7JQ6DESILBDPXPQ,3,moderate
AEO6KK3ECUQTYOW7CK6Z5UIB65NQ,3,moderate
AHVQT4FPXDLHJUKWXEYKQVH5YK6Q,3,moderate
AG67LQ6O2PCTAMUFG7AWK47ZE52Q,3,moderate
AG2WFQFFJNQLM4TYRWUJAAUM7CZA,3,moderate
AGXFEGMNVCSTSYYA5UWXDV7AFSXA,3,moderate
AEXBLHPONOKLTZ4EYTW4DH72YWGA,3,moderate
AFE2TG6KMMH5NYYQWF3I27R6CNFA,3,moderate
AHVJNNNRRLPCQ6LYFHFS6SCLGZMA,3,moderate
AEE2WHJ36KCMPG4RUSHIOAKNPLPQ,3,moderate
AE46IEWN5OV4G5LN7MBZJA5ZH5UQ,2,moderate
AH5IJN2ALQB6NWQVUJUVKYKPQDQA,2,moderate
AHY7U5CNYWDIDMNQMEKPTQDZMIJQ,2,moderate
AFGTTEHLV73KU2ZAOHZXB7JRFNYQ,2,moderate
AGK6UPFRSBX6HGDGWXHHDZDXI76A,2,moderate
AFZR2S5HUD3MNNQMET7KQSZ4HSFQ,2,moderate
AHRAJRBAQIXH5XHEPNFEBB74VEOA,2,moderate
AGO3UAE47HGPZTFPY3M6CYWIBFYQ,2,moderate
AFNNBURP7XUGQ52AWGB6G33HKUGA,2,moderate
AFXEW3J2KH37TETSSBNS7WLWNBQA,2,moderate
AEX3MNWQ2G7AFMEYRX2NPEQV27XQ,2,moderate
AGPWRK7CQXOASSPAEO4IDWIN5MDQ,2,moderate
AFO37AOOLFZG5XASARKYJG4JW6IA,2,moderate
AGLSE4VUHFGMRZX4BWSTGUGJLDHA,2,moderate
AHLQDWMM5MRJIR3NLRG4AHSF4OMQ,2,moderate
AHHEGPYAQRSAS37CS2RR6E65NGZQ,2,moderate
AHV56ULWDUKEPBEKLVCZXRIUKGOA,2,moderate
AEW7F2NHQ3I2RUONG4IAMKR4QROQ,2,moderate
AGDXPFKEY75TJ4NPHUO7HXKBKHRA,2,moderate
AEQNQBCDB2Q2IAUN3T7JDL4MPAXQ,2,moderate
AG5TOD5FQS5ITNBFQ5TJOZFBAH4A,2,moderate
AHC6FS44HG5M7AW3X4MAL2W3LYJQ,2,moderate
AHEI3Z56TNVSUU2573MEZASMALQA,2,moderate
AFI2UUFDTSMZI5A26JTQY7JSURHA,2,moderate
AGZGR2SQYTULZV4WIWZZDBZ3LTJA,2,moderate
AH5OW37PWRJ5TEJP5CUKW4RSDGWA,2,moderate
AEDSK7QRXXEFVAJCDYMAJHO5VAQA,2,moderate
AFMMM22LNTB222KKDNWXTOEU73FQ,2,moderate
AH6DJ5E2GFWJQAHT2EQF2TGFPYXQ,2,moderate
AHPHZ4FSRQC6UEEIINZC5LPJVYOQ,2,moderate
AEAZT27EWKHCIPWVWPES3NL7UACQ,2,moderate
AGG7BINUYJTPWVPXUKSGXHAXZQBA,2,moderate
AFT6CX5CZ6ET5O4JLTPJPP4WHEIA,2,moderate
AHXMUJXNDM7VL7N5PMJUFE7242AA,2,moderate
AEUB4R3ZVUARCQGLXKMDNRODBINA,2,moderate
AFSMTUY4PUQXLUZA56IFLBJTXU7A,2,moderate
AGKYZVYWLW3UHG7ABLJB7R6RSENA,2,moderate
AFRLSAHKYKEY7CIOELSVOM64SNFQ,2,moderate
AFEBN3GLYDTIMNWYEKPF2CXUXOEA,2,moderate
AHT53PAOHHONAXQ5OJARY2S4LCHA,2,moderate
AG3MTTEJPHY3L2LMRLU5IV7KC2LA,2,moderate
AFH4I6NGVB7NU3RUSTTKVFD3E3DA,2,moderate
AGBY7PBMSYCZT6NCVHKAK36B5GTA,2,moderate
AG54Z6C6MLCE2DVIBWNO7TQA5LWQ,2,moderate
AFE2LNJNTTKQOOPKP3LDXVCB5DZQ,2,moderate
AEMGBKE7XZUKTA2LNB33E2KLXTKQ,2,moderate
AE7XHUJWS3GZ5VCUBVRNDFFTDZIA,2,moderate
AEO5F6JCZC65UMOIXXFJHABD6XYQ,2,moderate
AEUQQEKSX7JARGPONYJCVP432C3A,2,moderate
AG3WBZEB6V7IPOFAQITMVPMZMX6Q,2,moderate
AHR7CJEF5Q46CXSY45TAYKD4FYZQ,2,moderate
AGQJQUJ6M655QQIKOTA7T2HHEH7Q,2,moderate
AGFWNKCNDTHVFO2DGKYIXM47BHWQ,2,moderate
AFP6UJLBO4HNDI4JI6CODFLAH7PA,2,moderate
AHWNJOJFHKEY5LOKDXI5BRTM3CKA,2,moderate
AHC6SWX7NMEOY7NRZPFHSJKVKF4A,2,moderate
AGX6ZIQCQ7ZESZV3JVK6LN5NOD7Q,2,moderate
AHZ333F3X5RCWUQKDPLC53DGUNWA,2,moderate
AHHRY6GBCJU2OGZU6QB756NUSQVQ,2,moderate
AE7RIEYONTKW3UNELGDRAC4DRGLQ,2,moderate
AE3JOPTIAQTFYKOYISG2Q7VDBFMQ,2,moderate
AGWNXGZFPTO2ZLENPXMXYXT6LHPQ,2,moderate
AG46CGAX2U7BDDH4HNQ4HJFL7ZGA,2,moderate
AGL5OI33LXJTDLLSN4BGQGJDBXQQ,2,moderate
AEN4FXB4OIMG265PZB4NOXNTOP6A,2,moderate
AEQ3VJ2PVGW27IW6G6ZI54S5BTVA,2,moderate
AFRVS5BNWHOI2LGTMCVXPMPQXXDQ,2,moderate
AHASFNQ5XSYHVH5YVGX24WUBUGVA,2,moderate
AEODBM3SERSMCYQT2G2H2BKFE3FA,2,moderate
AFTKWVEVB7F4BK3WSZUF7PR2LL4A,2,moderate
AHAGTY32MN6I42TZSGT3GQTR4C3A,2,moderate
AEFRSYM3LKJ6XNWBLQKK357YYLSQ,2,moderate
AHHC5WERXHVJWFOXUMXPPUEIBM7A,2,moderate
AH3MVYI4XN5BXBERVQQV3NDH7CNA,2,moderate
AG2FPOLDWTINZX2QK3VQX72PR4AQ,2,moderate
AHE4W5EA4HSESA3IVVJPXK4ARAYQ,2,moderate
AEWSECQZGFNGGOEYJHBVAEOMY7XA,2,moderate
AH7Q2REI7D6JGJPVCR75G37XFCLA,2,moderate
AFWNRQWAZMYHCF5FCUUM7MMDPJGA,2,moderate
AGIHWSXJN4DZBY3RKNRMCPLNZAKA,2,moderate
AGGVXMZ4UDVISCW3CV7OTXUIP33A,2,moderate
AHHZ7P7GRANMD6USWP5VG55CSMYA,2,moderate
AHK447FNSPZCIB455VX2VQABJB6A,2,moderate
AHREAYO2VWWJB56WYLC4OY457QKA,2,moderate
AGCGQDOY2UV5FAHIBMEP6LN6F7VA,2,moderate
AHYWBP2ZI2M5L2CZBAE7C5HW5EGQ,2,moderate
AEM2X7DNCBH4SCVH4ZFTSCRUEVCA,2,moderate
AEI3FVUJ6HBSKHY4N3HHQXYL6GUA,2,moderate
AEKG4UQBQJBMM7MWNW4U2NQZVP6Q,2,moderate
AHXDLUU2ZOFBSZVFBPMHY5BIC53Q,2,moderate
AF7KVRTNE5PRGI7MZKGA2GMYEPFA,2,moderate
AH5BMCIQQP6JAACHFMKK64ISEI7A,2,moderate
AED2NAYZWNZEGGGC4QO5VOVJEZFA,2,moderate
AFW2NJKNQWJHGUFYR2ZGFM6XLJTA,2,moderate
AFTM6JNBKPQQJJAZPL4VLEIFRLPQ,2,moderate
AE7AY5IPY6D3DXBTZRJQURFEJ4YQ,2,moderate
AHNKA6B2CUS6O3F5J45GJCRJAV6Q,2,moderate
AEATPUDFCO45KPPOTGM55AVUNYSA,2,moderate
AE47DRKQJXOFGYNEQB5EWRXY3BMA,2,moderate
AE2IF5L2BO5XLCTY5HM2JEOJY3KQ,2,moderate
AHOYYYIBJW5UMHQBVHSTCJGSCGNA,2,moderate
AGXGTOFHH7XIBURZKWFL2I43GPKQ,2,moderate
AF4JIQO4AP2BHM4QAYPOBISKS4JA,2,moderate
AGVM7U56HC4ZTU4XFNEXNXSSBZ3Q,2,moderate
AGEJY5ODW7ZQ3S7IZUAYEOOGSIYQ,2,moderate
AEZCJWGRWUJWW7OVU62OIFAGOWBQ,2,moderate
AFQNRA6RF3XFALL6732P6K26X6BA,2,moderate
AHCMV5LSCPEH32UGZR4CTYXYYMPQ,2,moderate
AFH7DOV3UP5G5ZEOV2JAIKJNHVVA,2,moderate
AFPMW5XRL2Q2VJIJJMBK6HBPTPXQ,2,moderate
AFMNFDLQ5ZYLV5MWYUWDRHBA42ZA,2,moderate
AEVJDUAMTH44P63UPD5ZFJPC6CJQ,2,moderate
AFBXTPOJSQBMY5KCSSSAYBQ6EXAA,2,moderate
AGKGVJ3ED74FD7AIMDZ4TP4KPHSQ,2,moderate
AHOVKT2WXI6UBUXGNKMSJ5MDJBAA,2,moderate
AH3MGJVZ7BU73VZSI7OLOBW6KOVA,2,moderate
AGPTK27P3AOS6W4N5RYJYR67ATDQ,2,moderate
AEHAUWFJPL7QOGSYQU5NFIEIMVYA,2,moderate
AH5BSMRPGAOWTW7TLC5M3W3YE6DA,2,moderate
AEJD7WGNGUQYRWISGWWDR3223RCA,2,moderate
AF6OHA6YO4C4Q2JNCSNDNOKMBM5A,2,moderate
AHFFXH5H5U2SA34E722XORF6QIAA,2,moderate
AHLZILCK75B6H5DWJEKGFBSADM5Q,2,moderate
AF7YZDD2NUTEKUMRDJQACAVLEF2A,2,moderate
AGHCBBYIGAID7X3P4AM2PKMAYNRA,2,moderate
AG7TRSO2TEVPZ37LP7DFZM5FU4BQ,2,moderate
AGCQMY4Y24BPOUTWDXRYEAFS543Q,2,moderate
AHP4H4GSNSDPHDBZEKZRF233SUAQ,2,moderate
AHIEDLYZCH6V2S4WI3D4JZH4Z6XQ,2,moderate
AH72HIQLQ3I5HMMPEPUPHQSLQTLQ,2,moderate
AGKYD533Y3HPIJQM5BXR3WYDK5RQ,2,moderate
AFFDQON27DOYLPIFQUBOEHJWZ3QQ,2,moderate
AG2VVJJTVLKAWTJJDJ4S7LMJJJLA,2,moderate
AGBE2MJIG7JIR4LYEO67MY6JDRNQ,2,moderate
AHRTWIITU5HDDNGWYNFZFPCI65FA,2,moderate
AHMD7O7RWQTGO2S2K7J2BZHB6GQA,2,moderate
AGWMLAUP6XYVUAWZHMVL6KZ6KFYA,2,moderate
AGOTAX6RPSH3JQIR66UAGUDUMYOA,2,moderate
AG5HEBBLX5V6KLBHDANQUU5VJAIA,2,moderate
AGOE7X53BDVSKQWMJKFQFT2XZCSA,2,moderate
AHWZLQAEUE3G45EISJECE7ZHEUCQ,2,moderate
AHTA5TN3J3UWBNG4OVHDJX7GYTIQ,2,moderate
AFYIGISVR42UQ5VYWBEDIRQZUATQ,2,moderate
AGRWD2KNTLDHOLFUKZMNDJ6ODE5Q,2,moderate
AHVDJSD5P7OMMHOEJECXDFQOL3SQ,2,moderate
AGEJYAHKKLNLXIY2PSGMROX77FAQ,2,moderate
AFSHUS7TESIOCZB2VFW4NHEWPRAQ,2,moderate
AF3RDZAGEJAZCQZ7HI4UHFYV2TOA,2,moderate
AG5GN6QPQMXPXAVC6VC5W6UJU7MA,2,moderate
AFIGM3OEEE5EYBH6MDWRCVVCBFKA,2,moderate
AED77SMZVNEAP6AUG4ZT6XM3FRLA,2,moderate
AHILP6PVBWU5L7NKD4VHV2VWKYJQ,2,moderate
AHABLRLEWSKE7ZZVLKAMCZM26EDQ,2,moderate
AGNYGEIVHDVXHE3CPY5BDUDPDE5A,2,moderate
AH5X64XA54UGPHWFIGWGSCCZBSHQ,2,moderate
AENAELG4APW2U3ZEXWSFAG3IOJCA,2,moderate
AGACL3PVREJZKPUNLSJCB4NFFIHQ,2,moderate
AFSVE2WKI4IHNETL3VCVTMFUAGMQ,2,moderate
AGWYQ3FDJELP2EH4SE4TUCWE256A,2,moderate
AG6VEBAOPMELR67P4ZLEHATPQQCQ,2,moderate
AHEWGDYBY4RB5RNY5NBYONKH7JCQ,2,moderate
AEF6UUAHGGZ7NV7OBIYBQPWGTJ5A,2,moderate
AHZU46MEDE2O5RKRFRJLKYQRVV4A,2,moderate
AFNZEHV6BXZ3ZWKOBCF2WIFBO6HQ,2,moderate
AF2IPJWRQQS27DMOGC2OHEU6XHNQ,2,moderate
AEHPSBZ424BDIEB4RXZCTHL7QQHQ,2,moderate
AGWERDYQJNUOP65OL235Z5CPPEBA,2,moderate
AHZZNFGXQVPE3EQYIDS37REQBQCQ,2,moderate
AHNDPXNMQGB2GJPRWYPGD2RMJUHA,2,moderate
AFCS6T5P2OIO3FE6BXFZBEVGGNMQ,2,moderate
AH5KWUYRJPUPSK37GPXFPARW6FXA,2,moderate
AERFAOSTXPBNDRUG4XOOH4SPTXHQ,2,moderate
AEGAVNTFDHIWJFDAI3GF6PWNAFEA,2,moderate
AG6IBST6KZZZF4XF323TP5XPL2SQ,2,moderate
AES6EAODXAXTAWKCI7TBJLODHD2Q,2,moderate
AFSEXJNLLGWLA2EQOC2OOQY3ZAIQ,2,moderate
AGPLY2Y5A2R4XTT3HB4WTSFUNGMQ,2,moderate
AGX7WZT2QQUXFQU7CDOWXD5EJR5A,2,moderate
AH5EQX5CWX5EQBF5LVJSHKKTY4VQ,2,moderate
AEOVYPEVB3EY25TS2UNYXSMLXJYA,2,moderate
AGYJPHKYXDALVJNTNQUXX3VM4TMQ,2,moderate
AEMJQSCYL46E6UDUCAERJP4SKULQ,2,moderate
AFYEUTWXV5PSFR2N7IB572VPW2WA,2,moderate
AG2YTVBL2TKR4D4B7BEOUSBNGA6A,2,moderate
AFRF4DPPIDSO4QX7HIM4HXX7B4NQ,2,moderate
AHUEULNGGLFERLLLN4JRCRXHTHWQ,2,moderate
AHPJNJ4IQNKXASZ54NXMIOJAB6ZQ,2,moderate
AGB3XY7GRNKMIHT3S5YUPFFHOYWQ,2,moderate
AGR6QQT52S6CSACXYNID5HKJMZOQ,2,moderate
AFC3CDTSPFFOURKUIBDTIVSEHMSA,2,moderate
AHHHILWBOW3XDFB7CYTLFRKKNUYQ,2,moderate
AF6CPNM3NL7VCQSLRQNPECUX5PAA,2,moderate
AEO3J6KTL75Y5GZ4S63DAQNXIKKQ,2,moderate
AGHNOYN6D73UYIGUWWP4ABSDSHDA,2,moderate
AFZQROYZIBOPGNQ7OOOLTG2SRMDQ,2,moderate
AFI2NVM5KBF7PUCOJLRKDVJRUMEA,2,moderate
AEAASMQYNTEPKUMJFUTOAS7CEANA,2,moderate
AG5VJZ46K5QWS5QAGV5ISFIAE36Q,2,moderate
AH7GCHEBMNIKYZOUVIVWXLSWDZCQ,2,moderate
AHTCT7PVPAGNZ5MFE2L36VY3AOZQ,2,moderate
AFSD3EDNXZFNPN6JLVANLZ35CR4Q,2,moderate
AHX6Z5OH53UZ2GRVC4TK4KU7SMVA,2,moderate
AHUGG5OBTBD4ZLQCNVGYAVKMWRSQ,2,moderate
AH264BW5BQV56YS36ATE34PNOATQ,2,moderate
AGRMCNUQYKUXX7SPPCDOWUJX4ZFQ,2,moderate
AH2MD4K6PSVMTTFGN35KSBFHZG6A,2,moderate
AEYMW7PC63E3EK7SUKUUYX4ASEHQ,2,moderate
AHF6GB4O2Y3UR7J7EAD6LE4JBARA,2,moderate
AE2V4V24DSDW5QOHEWS4HN7KDAPQ,2,moderate
AHO43SMNFTAY3IQJX6ZZNZVUAW3Q,2,moderate
AGHCZTBPQ6EGZ3A5J7DV6LB7VT7Q,2,moderate
AEZMW6PYS5WCVQ2ES2H7P2ZTMH5A,2,moderate
AE5LZ254HJPN7FMPXBOPZEF5CA4Q,2,moderate
AGLPDI5US46KA6VUIDXSVW3MOPZA,2,moderate
AEF6EQ2YCUE7IYNEL7DBHJONHWEQ,2,moderate
AGZ3LVGGKT2ZUELITDUC6IQQCYQA,2,moderate
AHZ2QHOPBDAABQJ35I7II6E3DSUQ,2,moderate
AEOU3PFP6UYWAJ3ECXKKWYI32LIQ,2,moderate
AHNX7JUJFGD4IETRIKJWL4RSS2HQ,2,moderate
AH7XSLR2NQK73CKPXGABZ6CJ6PIQ,2,moderate
AF2VMDZWN5TJROIJ2PKUPAKAHJFA,2,moderate
AGVXYLYQDKO4JEBUXE6HDHLW3AWA,2,moderate
AFEN7ZBFSALAM66TV3MXDMTS2HWA,2,moderate
AHNJLJGGPDKH2FZVEFFLAUN4NCKQ,2,moderate
AHC3A55LVPFW47MTM6LJWVXPV7GQ,2,moderate
AHL7ZQS7N2XIZCFKDYSQA6S2H7HA,1,novice
AGAIMGUH7STTBTLDKIWQJ7SOVXUQ,1,novice
AHAYEFKECPNT4OLQO5R2LLDYNCYA,1,novice
AH372HHMCGXRVJEWCSWOOSDOX6EA,1,novice
AFYO2HDRR46TL3VS5QQJ6UHSY6ZA,1,novice
AEVIYWKS3JKNPCVYXBO77F5VJPNQ,1,novice
AESG25F65BJQUIRAHGH7D7P3WE2A,1,novice
AE6XORQA26ORKEEFKXXJ52RU6JSQ,1,novice
AFHQRENSQD6UMOFR7S7LX6Y4TSTQ,1,novice
AHTVWKUFNDWITZKSAJV2RENJ6QZQ,1,novice
AGHQJEXABGAUVL3N7WEHAR7DDRUA,1,novice
AGQQMQXLESECQ6AAX7LHVAZRNMXA,1,novice
AEA27XT5WK5YTONIUXI2DPPDYOWA,1,novice
AHZB42UKJ3C346ARS7ORI5MA3P4A,1,novice
AGKMIEEXR62CIAIYKORPHZW6AWTQ,1,novice
AHPUOVZFDYV6SLK3UMXJPZWEG4NA,1,novice
AHOQBCKNMWE4QBII5CW4UCTF7PVQ,1,novice
AFRNEG4KR32WWEIMFO5MGXA6GSZQ,1,novice
AHPESJH7Z2Q7CIA4AS3XXAU3CE6A,1,novice
AEY4Z6M4HUHMVNR6H67T6RSIDQWQ,1,novice
AFSIE3FD5R3J7P35BCHLHAFX3XEQ,1,novice
AFXDN5RNC2UXYIMCOX3RLA6MOUQA,1,novice
AFIW2PNRLN2XKXXZHBUQFGMF57AQ,1,novice
AEMEJ7TVYEP4RA6WXJR7GG5ZZOCQ,1,novice
AGIXDXMEJCB7NP2E4I552K6EIDXA,1,novice
AEYPQSBN5YK3EGZTB3YOJK4QO3KA,1,novice
AHHERSA2H3EVC7IA7GEF2PQY7KCA,1,novice
AHXG72YL2LSGQXFT36U2SLW2VDPQ,1,novice
AFJD3XHMSXKXLBS6GNNWTIWNOFSA,1,novice
AE2W3TPGLQH6LM6AJD7CPJBTR7JQ,1,novice
AEU3NJVE3PNW36EKF22I3TAVUF3A,1,novice
AFIGECFOGVJE5P4HQ4XD66BUCBQQ,1,novice
AFERISSLO3HF5NAXVN2IC5XIB6DQ,1,novice
AFA6GY64GZ7XGN7DTZHACDITJOGQ,1,novice
AFBLJFGM6ULAIMRLKE3UCJW4FJ4Q,1,novice
AGXXAXNEEUYFC3WK5CD7Z6U4PB3A,1,novice
AEFOILCK62SABGGJ4ZNIHZ7EKCHQ,1,novice
AELRLM4DUHAIYZVG5VZRBPDMBFEA,1,novice
AGI2P3LWRO2OUX6WTZFJZIJS3XIQ,1,novice
AFXII7SC3IRSNLIAAO7QQEWXHY5A,1,novice
AFCBJPGEQ442FPLQZS4DBLX4TALA,1,novice
AERUAFM7B6F7HEAQACSX5FIP3HCA,1,novice
AHQPFEH7KRCVIZROR5ADPJT6OYOA,1,novice
AEMZVDLWAQRUF3GNI2UXLN5O6SWQ,1,novice
AGDIPCAUFOXYPFTIUIB674NNME3Q,1,novice
AEYMG3BLRDVZTUH64NLVMA5ESCMQ,1,novice
AEPA3B5EK3I4OV62K2N2NJXKI5PA,1,novice
AHTXCSFG5X37DWGWQBZKODS2SQAQ,1,novice
AFXYC3HYZKXONYB5VJKHH32KXA5A,1,novice
AEC32DDXVISIGNMAYAJDPNZBTADA,1,novice
AFKUPL6U7XTWOTVUACX6UYQGI4RA,1,novice
AERQXNI65YHRRK2Q2Z2HUCIVFCIA,1,novice
AGFJ4BPPH2KSTIHMKGORJPF64MLQ,1,novice
AHXOPDS4TJ6M2DDPCAXFQOWCOIAA,1,novice
AGQIQ2V3KVGQ5U4FLMUIEBM7EENQ,1,novice
AGTINHGGD5AB6YUQ5YJBA3MZ7QPA,1,novice
AFQZA6A33P2A37SHROYL5GTX5JCA,1,novice
AHO4OQU6CMZYNTMLHWRRPIWKLQPQ,1,novice
AGAWXYOCVXM4QYLCZV53ESG5HWAQ,1,novice
AHUWOOALFIIUPTOYVMYGP2QCWPEA,1,novice
AFW6JMJVAF5VXFGACJO7JIO3FOCA,1,novice
AHHWQDU4FBKRJKREEA4Z5MKCU2DQ,1,novice
AGQ7YNBABIOJ4NJOQEVL6LAOHPVA,1,novice
AEW6DDNJHAP2EY23SVJCAGD22VJQ,1,novice
AFA4QCQ3OX4KKYYJSI5NCOLRIYQA,1,novice
AE7CXPACKPDELFWM5ADZEVIYOANA,1,novice
AHQN5WNJY4KKAMZLZNEVK4ZQEH4A,1,novice
AHD7PDC2NYDSBHJZSOQVYXZMR6UQ,1,novice
AFDM7SU5KNBRFSS2SLOUMILNOHZA,1,novice
AGXC736UTX5UXB6UDS33EI3JNC5Q,1,novice
AHJD2YKZFTIUVZU3DPNGQEG6HMGA,1,novice
AE4ZFKNZKRUHPATUILZUUOWGARFA,1,novice
AHPTHTHDENIPA3VXGAGKUUKM7UCQ,1,novice
AHBHXAVOGFZVNSYWRMBJKXM35N6A,1,novice
AEJBIME7L3HJGNLWF7P3NTZNKP2A,1,novice
AHS3RWJ5WGYW4QSZEJ2IFM6ES5WQ,1,novice
AEQPYC2BVIDH5DKDQ6OVT4QO4WTA,1,novice
AEKAGWYBEXD4UOGZQMHMZH35G3SA,1,novice
AHVAUJESCEA5IUEW6V32CDF67FNA,1,novice
AEUU566GNRJDT2TER3SXKMHCVETQ,1,novice
AEPSI5TTVH7QBB6NG6MIILYXCSVQ,1,novice
AEXYPRFBIY5XM7WMBTY5BPPXEVJA,1,novice
AGIALRZRH6COIS5ZG4646F3QESEA,1,novice
AFLSGFSNHDMHLC6SNQVQUCZRNYGQ,1,novice
AFFT6CICL2AGSFDVWLLYJVQJVTGA,1,novice
AHEDHXBMZL7N5IYDLCXYFP5BJTEA,1,novice
AH6K6LZ4YEAJRSBJBGSO43UDG77A,1,novice
AHG74HP6TNISXCQZOM4O4KXH4NAA,1,novice
AFJTYKRYCMWSBBPZFAHG7IGGBYAA,1,novice
AGNPY2P56BOSMQOFO3XO2MTA2YAA,1,novice
AFEJ5FGPH3UYQELRMHQDOXIY5XTA,1,novice
AF2XUIANDVPJMP5CXG5YONGJSKCA,1,novice
AGNQHYBHDYKPTACMAFLEZETPWYBA,1,novice
AHQWGZIONGW4JXGT4WS5NOZG6UBA,1,novice
AFEMIRYY6MLWQHJ7NHGTPJO2NJYQ,1,novice
AGPBFCKABROMA4VYHFAKNXVBH3WA,1,novice
AF7URYECGSTXPKXTNLCCT3WS6UHA,1,novice
AHGJWQJQCUEYJWPCGQOACS4PP3AQ,1,novice
AE2MPXJNG2MGKZQELKMYKY4XGQGQ,1,novice
AHJ45W4IP4336P2ZEH7JXWJCIUSA,1,novice
AFUOAI7TGTZC2BM3WRJQXEIZ426A,1,novice
AG2UWDK7ALTNBJV3BMMFDMPVRT2A,1,novice
AF7D24LXNZ27S47DUNVSKJWPN66Q,1,novice
AE5TVYKJFN66ZS7OOFKJ6ABJA4ZQ,1,novice
AHLC4XNN5ESG3ZQXBZTO5IWWHHHQ,1,novice
AERIRPWDME3DCZJDVZRSOJQRUNZQ,1,novice
AH44ABN3OWNJIXTR5B7S5NJ6WZAA,1,novice
AH3T4TV5F5NY5U24GY6WGYPMZFWA,1,novice
AGWUWMYXQLQD5Y2DVQRCWAZL4USA,1,novice
AG6OFXCQHTNZ5AQBV7NC6Q6TP3PA,1,novice
AGYLEKJKPXBY347V7ORPJLVL2WAA,1,novice
AFKZROAWAGLJBOZBUVXIC3GX77TQ,1,novice
AEGDPBX77QBPSILJQQOSUPDGB6VQ,1,novice
AF37S4VALEYV5A7Y4JTX2SVZNR2Q,1,novice
AEJX5PO3EVYALEBZMHRGGMQCKVCQ,1,novice
AG6VCAPCNMYZQHAKFH4YOABCZSKA,1,novice
AEHVMRCDU74NRJMWG2XMJGCKZ3IA,1,novice
AFLATCBNTR76VPMKNB3RQNMG24YQ,1,novice
AGBAEJQDLDBBXAORCFVR6ME4UUDA,1,novice
AEQXXN23UX7OEFL3TLIKRJAZZT5Q,1,novice
AFZ4QIJ2L2VG7TS3RJBDPKSCQUPA,1,novice
AGVROZ2KCHDO32ZFFACWDOCWR7TA,1,novice
AHFHGXLN5BMIVZLDZ2IMK6FFO3TQ,1,novice
AEB54XSW2ERLRZI5RT6ZIAIZEXEQ,1,novice
AEIKP33GPI5PU32JXH7FTDAOVYBA,1,novice
AF6OTUU4DVXBHL7RILCJ6QCR2SXQ,1,novice
AEI34A7B6ZQEZG4ZVJ7GJU5JFP6A,1,novice
AF2GZC7TTL3V3XN4NM5ICJAHKUOQ,1,novice
AFWHFATNCEMNSR3LZXDMZTHALUQQ,1,novice
AFAUW2CGZYWCFN4HOW5MOK44KZVA,1,novice
AFGEW6GUOGRPB2FD7RPVSOHIJKQQ,1,novice
AEPTH2XZN5L66SRKD2DBPUPZK24Q,1,novice
AGFDS3RZDUFDVITKS24A4CLATEXA,1,novice
AE5MDX335KBMUQKTKAVWBMW6KPTA,1,novice
AGTVBVF4OMLNB5LKR2ZF6OIM5UHA,1,novice
AFCCRT2CZXAKJURLKUN2OGAMGOSA,1,novice
AGHLIQEDBKQQJUVE7RCB5TBVUY2Q,1,novice
AG6QB5NTC5QN7LDRWFXIBYXTGURQ,1,novice
AGBQOGCL7GXAUBEOJHTKMI22FN6Q,1,novice
AGCBD3654YKQSFXBXPT4YHQ7D43A,1,novice
AGTH4YXWZ5R3NLCYYK3WT54TM3NA,1,novice
AGQZ4I6FEJBK6HR6C3KNABEHRVIQ,1,novice
AE7J4KCMHA25DBHWEAJIDO5MVQ4A,1,novice
AGXIZA6MKZK27Z2HQ4KZZCRBAIQA,1,novice
AHFFEMZGKURPWJDF6WCFMC2HVK7A,1,novice
AHNAZ3J6UJOCFL3D7Q6G76USORDQ,1,novice
AF2U4XILMUF6A6ZSPFM3XFINQMLQ,1,novice
AH4DEQ4OH3D7LWDPB5HKJRUHCEHA,1,novice
AGUTWATHGJX3G254X3AX7TBGSP2A,1,novice
AFEKFUOC6GVGGPTVITIVDS3UN4YQ,1,novice
AGYDJKVP6BW5NUPJZBK2WSFR5AAQ,1,novice
AESWZODHVHLTRSSDUUX4EGLY5N6Q,1,novice
AHWQPG4MYSIEDZT63ZDACAAKIFNQ,1,novice
AFPTPO37OBPN5NBQUUEWFA3NS3TQ,1,novice
AHO6WCDN57HYG5I7WVZMFUUY73YA,1,novice
AFLJKVROKEPRGEGRWUXKIFCBM64A,1,novice
AHZLRPY4MR3NKASIAGGGMJK7AH3A,1,novice
AHYBYF3VXO4UX3NY2SH3IGLNHSYQ,1,novice
AHSDDN5SV3PUXSI6BM5HEHLK72TA,1,novice
AE4KGDEXG43CI4Y5RQXQATHTPONA,1,novice
AH4PJ77ZJ2RGJCRFXG7AUBML5YUA,1,novice
AHDHMRRIXAZLHMK6KAZXI43OXN7Q,1,novice
AGPKGMGEV5EJ2Q4ZGIV4AGHN2ZVQ,1,novice
AHQTRARII3U66LKC53UX5CL3YI6A,1,novice
AHDVI53HRIOGZFNKSCXSRZPTKFQA,1,novice
AHLD2EATQOBL3T45LHB2KDDD4AIQ,1,novice
AGA6TKRRMQMOTBSU7E5S4ZEHV5WQ,1,novice
AFE4OZ56XLFTCKQ6DMUYDLTKHAUQ,1,novice
AGESHTGQB2KT6HSHFA7LWQ5CIYYQ,1,novice
AELRUUJ3HJW4FJETAVYFIXEUF2IA,1,novice
AHHHC5G657UZSUPYP3EB5CZ4CILQ,1,novice
AEQQQSJKDC32ROFSWS4BWEICFPKQ,1,novice
AEDSLVWBEQ7GDGGISVMVMM3ISBKQ,1,novice
AHG63Q33R2GK44IUPZBABC2LLWDA,1,novice
AFKECCP3NMF74UPZYX3RM6VXIQGA,1,novice
AF46EK6XB3PWAOPYD2XJKESUCGZA,1,novice
AGVVQPHHXRZMFYM2WTLDQKOTBF2Q,1,novice
AFOMSFXYTBSNKNPKWUTEHU3UCJVA,1,novice
AFCKZPGK27B7DX32JWAMETUSBEFQ,1,novice
AGUXKX2S2U7K4JJ7CLFFCUTFAMFA,1,novice
AH7K37BT6357TVJVVEQR3PS5UNDA,1,novice
AERBSDZK76GRL3PY7OBYO72EKR3A,1,novice
AHJ2QQAEKCJTIJRW26ORGHJMOFEQ,1,novice
AGO3C32QDZTXHZ2TQJKIE523HP5Q,1,novice
AFW4SPQBWFQZOSWURBL6J5NFNLBA,1,novice
AH6ZASRKWVTHAPSXYDP265TCIBXA,1,novice
AHKWRIOSPYEJUK4BQHP5RAJ4UFHQ,1,novice
AEJ7ZNYJC2ZCDDO5EWYHT5AJI5XA,1,novice
AEQ6WMOTF3R5LGWNXUXFDII6QNUA,1,novice
AG34MUM4FHTHFJ7LZNUAZUSTWQQQ,1,novice
AHDQHNMEMFQBHDV5CQWNIZASRAMA,1,novice
AGOGCUIHPN67MFCCCA7MIIOX3GBQ,1,novice
AGRKC3EFW7PWQLDQFNZNLEUKTPSA,1,novice
AEQPVVRKL35U2SHIMP3Z57W4DEJQ,1,novice
AGUH2Y4FIIUHOAMK7R7ET22EEYLQ,1,novice
AFEMBPCSHREIZSJPVA5VYU7W5CIQ,1,novice
AGR2HZO36JJ2O2NNIOTJMI3OQHCQ,1,novice
AHKJBUEJN26CZ4SRMTU42QSLH2CQ,1,novice
AHRK7G3IKMBZBD5NWEGM2R2NFOEQ,1,novice
AHKSQRAOQHH4E6FG5POPB5SR6JUA,1,novice
AHWRLMWZNGPPSESKCQ5PRROGI4JA,1,novice
AELTK6H6BWSHVHRTJ45YFMWMN4FA,1,novice
AE5ZONWXK5HXKNVPYTPTBUNVJD7A,1,novice
AFJXWCMINVCDMBI4QQJQAOSI5SFA,1,novice
AHW7QEYHPXJTO4X5A6WXFI5AUR4A,1,novice
AHX2RF7HY254EDT3J5A4QM6V3YCA,1,novice
AGV3MAID2AHXRZ3UPDXQ6VZVOHLQ,1,novice
AHVTCW2YWGIQNK4OJ7YQ7RC3ZREA,1,novice
AF7PN4ZYU3PILBE3FMUS3IF5JH6A,1,novice
AEAXEKKRGKACLWAUSPTW3DQFHOTQ,1,novice
AERCNJMEHCY4AK6RAWEVZUQ7FE3Q,1,novice
AFTUP75SHFVN3COBD4X3KPBTIQGQ,1,novice
AF4BPFEVJGTUXL37YPRUO55WAH5Q,1,novice
AEF54UBQVGGSI6YERS3XT5WW4JMQ,1,novice
AGKTPDCXUJC4MFNOZC3OEE5HMNBQ,1,novice
AETBZJOK7NMVXGBZ6JTYK65D5TTQ,1,novice
AFEWMN4GY3VHXJQHXEVZ2AK54IIQ,1,novice
AGJJBEUJ55R3UOEWUWLUIMVA2SPA,1,novice
AGTZSTYWHJEF3YMF4HS4OV4PSYTA,1,novice
AHMNCXGBDJMJPPFB67VTEOQMSOTQ,1,novice
AHERDSAGUEA7FSR4YJEUWVVPJJRA,1,novice
AFXAVBELNSHBJUAKLA6NUDPLW3ZQ,1,novice
AGARF7U55AFLQCTUTMCSB2P257BA,1,novice
AFBNNWQDDK2TFRVHKEXMVMBWTDOQ,1,novice
AHE4HQOD5MEFN6EOORBWXJ27R53Q,1,novice
AFJPN6MASRZL65HIHNUPW6PUIAJQ,1,novice
AHAAGQUJ6ZE32L6QRBNZ5TVHMSZQ,1,novice
AGVCC527MEBGNBNRQQVHLK2C7HYA,1,novice
AGBATFL7CSLDSTZTWHVHQNGGIGJQ,1,novice
AHJA26YJJGQJDDAFPXAPIFQ7TBDA,1,novice
AEOGKTMU3MUFIONDH3FO656LX6AA,1,novice
AGNRSQ5ZKN2YO6ECOCO63IPEQX7Q,1,novice
AEZVUEWUDF5XVKYY4RYZZJUVDOKA,1,novice
AE6NPK4OOQ4N4AH54T6IIYBCV3SA,1,novice
AHZW55ZK5QUBQE4YH54O2IP3JY3Q,1,novice
AEV2XDYL5Z56F3TO2BHXC6LNSCMQ,1,novice
AFFEWAZVJJTZU3NZQZGMPTQFBGEQ,1,novice
AFZDWSMCZ72LNGSIAKERR26HI2JA,1,novice
AHGKEYTRPHHB64OJDWVQX2C5AZYA,1,novice
AEJCNANAP2NMPHW7ZLHLQ7FC5WPA,1,novice
AHF3OGL5WCMBJAOIUQQ2TS2T5M4A,1,novice
AGFUW7K4HCRHYCWIINAL7Y2XE5IA,1,novice
AGG6RI2IZQBOLW2M3GZ23TRFWE7A,1,novice
AG42NTIKKUGFJIAOBT3O6C7S3ZVA,1,novice
AHSHRKWYJZ7BUJBEDBY7E5UUIZRA,1,novice
AFSHEGT6FABWIRL6GNJUCSHNSEEA,1,novice
AGOI2QCGYEWWRAG5TKOZEMJA3UJA,1,novice
AGZAGYXSYWWOPOQ2TKECXM7NY67Q,1,novice
AF7VZSKOWDAJV3UFWIL343QZLVRQ,1,novice
AHXPMQKACCOAJFUNPPXGITITTD4Q,1,novice
AEP65XLASTIMH5JNPUJTBVSRLU2Q,1,novice
AEV7EN3VOYRUWSB3MDXBX4CSAGVA,1,novice
AEBYNYS7QRIZBQHDDANDCP2EBLUA,1,novice
AHZFCHUKXY75SQX6WYDMF56HSA7Q,1,novice
AEOTO233Z4VQEW7MIGWEBAGDUM3Q,1,novice
AHYLM3UBMKMAEMD4TA2EKQJF2SOA,1,novice
AFHZU35E4X4HB3SVNMVXAAVDJMOA,1,novice
AFP3XPOS5Y7CT6EGGEX2CLVELK4Q,1,novice
AHXA6O5ZTJLAHNSJHPTGMSKZAOTA,1,novice
AGD7N2TNVA6REY4JJYNZSDQFVO5Q,1,novice
AE2FSOBNJE7HWRWQDMIUQWWJIK5Q,1,novice
AFJLVMMCDTPVLXII7N2JONV5UG4Q,1,novice
AEEXQM2YNJM2XU2OJESZHTMUYEUQ,1,novice
AEUMIQN2KRO6VI3JOFDUQNFFBOXQ,1,novice
AHRFX2X7OUPBRNEUKNA37DIA4SEQ,1,novice
AGJUMMCW6FBERUFFK4IBBVWF26CA,1,novice
AFD5ERQ3FHS6COSBOHEHGPARCDWA,1,novice
AEZKDOYRCFQZN54RBLDQTYRDFULQ,1,novice
AEASYREC6W2QQSHHLBBXHMTA63OQ,1,novice
AEKHMZYOVSHXISPQPFVWWX2NQR2A,1,novice
AGWSHBES37RDODV2P77GJWSGQKPQ,1,novice
AEJJ7HVXTDKHKLZQQHV57EJTFJWQ,1,novice
AFVDIFWQLNNY6M4COQJCINA6Z7CA,1,novice
AGGWCBGP2TJZOOXQAZZIR7MOLSTA,1,novice
AFJDVKD6DXXLYE4OE2RXS35EN3MA,1,novice
AEKH53TJNIFKMF7FGMERJZFJMOBQ,1,novice
AEZ57UHHJMD6UJC6DVPSNM27Z5AA,1,novice
AGIPZ2VD6C4WGJ3IK5H3EEOM7MCA,1,novice
AEYYKB2UX6MXDBNBWYEBG7UAQD5A,1,novice
AEJ6A4C6OXY6R3ZXBBHTS25XVD7A,1,novice
AFBZWM4MR26E4WMJTJVJWMM52PNQ,1,novice
AF4T4X6IY7RAU5KHQ45MBKZOTV7A,1,novice
AEFUGV5KV4QYCY4FHDSI632WSGIQ,1,novice
AG2C3ADFZKSCEBBDPXNN3AC6AR6Q,1,novice
AG4DS6TOOYRQINIP7X37HG5WWVXA,1,novice
AH34YZMRFUFC4BAPZHGKNKRD7KOA,1,novice
AHRAB435XPGEPGHYK2F5E6R3PEEA,1,novice
AEEJJWW26Y4EXGS6E6J2MIC7ZWWA,1,novice
AHRJGUVLRUOALNGEAZUKZ2BHXTIQ,1,novice
AEKQXSC2SOPLBQHADRXVAKLDPTCQ,1,novice
AGTAY4IDA2YI5BXQG74AHDAZ3Z7Q,1,novice
AHLYP3EDK7RLZOA3U65KFJRBRWNA,1,novice
AGX5N7XQTYADBJ3CZ7JGM2DW537Q,1,novice
AFR3V2HL4VWCLGV5ODLWI3EUCVPA,1,novice
AHHXSOOPYSWCQWKM5CFGPG6ROX5Q,1,novice
AHJ7MAX7GAZRSCJPN5PMYGQSPIVA,1,novice
AE5UNVENGVNTH6VA6GW7JB4TB6WQ,1,novice
AGLF4ZBPDOV327VNPIJJP2HB7I7Q,1,novice
AHY4MXKYQET4SVCVUOSOO5NSSGFQ,1,novice
AHBJAX6VRDA2METQZQE2Q5CKRGQA,1,novice
AGE7GQIQPBZ45U2YIKCNNJXLF6BQ,1,novice
AEMQUNSPOKQERKWOQRIY2TGP3NSQ,1,novice
AEQT5AS6HDCIV4WLJGAS4O22XJ2Q,1,novice
AEVIEHHNCCPKSDGT6C5FJKKGI2PA,1,novice
AE2PPKPF3ESXR2I63TYLQLVQMELA,1,novice
AFUTDPGLAZVSWUS3LG2AEAT3YQNA,1,novice
AGIYW23VR2LKUVT72T4ZXGC6EVOQ,1,novice
AFLUSUDSEXW4EULPX7BZHH342IDQ,1,novice
AHM6AYWXGS2NTF2U6JHGOSADDHKQ,1,novice
AHSLMEJLAPA7Y5XTKDUML3RFAGHA,1,novice
AH6Z4FU7QLC5GNXHGCE43W6XTJJQ,1,novice
AFQ6Q7VUMYFEYQN7ZW6US25CL7OQ,1,novice
AHB3H4TPISIBC5HIN4MF6JAFTVGA,1,novice
AFOBAWTNCTFGXJUURGRMV3AHV6HQ,1,novice
AEXPRISIRLXZUDYOQ6MQJEM44GHQ,1,novice
AG33SAD6MW5AHIKQL57GSSDVNB6A,1,novice
AH2YDAJVIAO4VAZDIOIOWNPF7IBQ,1,novice
AEYA5GE2TPQOBQYQ5P4S2LWMKBRA,1,novice
AFONSGLUAJCGJWIWGKBGIOTTQ4IQ,1,novice
AFIUVWOES3XCGHCDS4VT7PRCHNFQ,1,novice
AG7FK6LJUGMF34NKB45D73QYBVFA,1,novice
AEUZZKJVXMIHWR2QNYMH2YAY7M3Q,1,novice
AE5AQC5PXWPEK7MJAMI6WEUGHANQ,1,novice
AGHAP4RGRIT7VILEPM4X4M6G3ZWA,1,novice
AHXKS4GGT6ZOPUZTEL7PJYICZV3A,1,novice
AFNLNR5GKYJ2MPYXBFL7SX77C5TQ,1,novice
AFTTV2CEA673UFE3J7ZML27J6J3A,1,novice
AFSW5DCWBEDEJM2RGACLLQPPDAZA,1,novice
AGRBAZBPDP633XAYDUUR7HZCQXIA,1,novice
AFQQWZ3AMZ2LTOOWFAELJS7UWVBA,1,novice
AEBDEXE4PRW6U7T32H5DXH4AEIDQ,1,novice
AFSDIVZEDOV7U6F2VMCYVX3TBQPQ,1,novice
AFZEK4BR2ATFA24H3HKXBDJQDQXQ,1,novice
AGPHZA2KEJ3TORNMSRAGZHDSI6ZQ,1,novice
AGW36KMMKXWFJJAUW5YY2TI6TS3A,1,novice
AFXMUEXTIMINHGFUI2ZQE3EKRUZA,1,novice
AGWX7ZZWNBFZ4EMMLUGKLXDETACQ,1,novice
AF5VU6GHLRGJDSVKZVK4BLCZD57Q,1,novice
AHUECTCTOHMUE7PAACYYUMFYTHZQ,1,novice
AH64TFKXARC3NYP5RHQNANGLU7XQ,1,novice
AGPIJ3V6MF35NC4LAGNXLY6SFXQQ,1,novice
AHUOJT6SX3CAYTRPBTS2E4BEJRIA,1,novice
AEUCPPIMNIVDONDERF75OHABZUJA,1,novice
AEWLCVSXVR2SOL4ZLQNG7KGDOVAA,1,novice
AHETF534HTX5TQ7RBOPQZIM7D5OA,1,novice
AHEAMVNZP26JQ3HN44FTQG6GE3EQ,1,novice
AEX7MN6WHFOMMWRHA6QX3CBHBPRA,1,novice
AEWLQIKRQUQ5XFCRFEHGZ4GCF4CA,1,novice
AHI5J5Y37QPSHLOWV3UY7D4JL32Q,1,novice
AEI55EWLFCVUTOYIZFJCRXFKKWTA,1,novice
AGW326RFXUSG35MYUYXQO7L7SM4A,1,novice
AFQEOZAXESMYYOBCKUGG2V3KNMOQ,1,novice
AF3D3PK3HTZM2CIV76T2XGYWUYWA,1,novice
AGQZOSGUB7YAXDTKBPKFY5342UCA,1,novice
AH3WDQHJ3N6ORQDKQ5RSLN6275BQ,1,novice
AFHJ6NZCANBA7KH2AL3AG67SVKGA,1,novice
AG4ORNVUQ2D7IIREZPVZ5HFVXCOQ,1,novice
AE3WPO6P5ALLRLKSHP6CWSAI26UA,1,novice
AEY5USBIQXJJBSPXGA3VDOY77CBQ,1,novice
AHYBDZYQMD7NPLAKEU4Y7NHJJX3A,1,novice
AF6LJIJCFHRN4OLRBVWW37CHIEAA,1,novice
AFZJRTKZLBOFD6JNTQ5QOBQWIS3Q,1,novice
AF64HM53RZGTRGSF5HIXXYSQYHLQ,1,novice
