review_id,ATT,rating,reviewer_experience,experience_level,review_length,helpful_vote,review_year,verified_purchase,user_id
R0001,1.8,5.0,3,moderate,158,0,2013,1,AGXFEGMNVCSTSYYA5UWXDV7AFSXA
R0002,1.0,5.0,16,experienced,35,0,2019,1,AFUDWIMEA2LWNVEGMVVEOXFDBZTA
R0003,2.2,5.0,25,expert,433,7,2020,1,AER7BPYAMW5CAICYIJX7QW64MBIA
R0005,2.4,5.0,5,moderate,226,0,2015,1,AFABDHAX4UX5QYXIFBZEQRL6P4VQ
R0007,1.6,5.0,3,moderate,114,1,2022,1,AH4GVNKJGKRVQFYUQJ3ERJU4STZQ
R0008,2.3,5.0,24,expert,247,0,2013,1,AGLVEAUZVEJRP5RAYPUE5EXKVL6A
R0010,0.7,4.0,5,moderate,31,0,2016,1,AF25JZRMLGWU4GW7QJKZ7HGMAREA
R0011,1.0,5.0,7,experienced,38,0,2015,1,AEYGK63CQ7LHMQSHZSY3GUVMAWGQ
R0012,-0.8,4.0,16,experienced,846,3,2021,1,AH6N4IDDAFEI5WTS4IYEHETPRM4A
R0013,1.0,4.0,21,expert,47,0,2015,1,AFJ4ZVXYKBL3EJH6BLURCTYLIW5Q
R0014,0.8,5.0,6,experienced,27,0,2015,1,AHPPUTHAI75WUJOTLU7XKCR2KR7A
R0015,1.5,5.0,7,experienced,89,0,2016,1,AEVVGQU2H44WWCTIU72UYO3H3YEQ
R0016,1.6,5.0,14,experienced,220,0,2020,1,AE457AIXCR7UBW7UJEOPDRJPWPDA
R0017,0.3,4.0,18,experienced,384,0,2015,1,AGNZSBJOZAFR5E43FYDGSYEJ76FQ
R0018,2.5,4.0,4,moderate,115,0,2014,1,AGUILEJ5KHBVBXSZAAZHNIAT6WQQ
R0019,0.7,5.0,11,experienced,52,0,2020,0,AEQJGT5TXFFSHJDACKDH2DZPQEFA
R0020,0.9,5.0,10,experienced,237,0,2019,1,AHTNXNMD4J4XHS6IEVJK2KP7P4GQ
R0023,0.8,5.0,22,expert,43,0,2019,1,AHU4UEP36SVDJ7U6RJ5QKXX6763Q
R0024,2.5,5.0,19,experienced,221,0,2015,0,AENT4G4WJW2QOIZPSYTMLEBLL5IA
R0025,1.4,5.0,9,experienced,197,2,2014,1,AHYZGNWHR6YDR66HPXEDQJDQKZFQ
R0027,1.0,5.0,3,moderate,101,0,2015,1,AH73OBWS2R73OQIDIUCJEYZCLNYA
R0028,1.5,5.0,7,experienced,96,0,2016,1,AGRJJQUG7WICNJSPW4SRRNXER5DQ
R0029,1.5,5.0,1,novice,462,23,2012,1,AHX2RF7HY254EDT3J5A4QM6V3YCA
R0030,1.6,5.0,4,moderate,98,0,2019,1,AHZS2OPFHTOK6H5V52SCF62QUDXQ
R0032,0.8,5.0,4,moderate,115,1,2014,1,AEKXTB6CHCOCON36PR3RT2K4OCRA
R0033,2.4,5.0,7,experienced,178,0,2013,1,AH5AUWKM4ILEN5GRT6E2CFKXIFNA
R0034,-0.8,3.0,2,moderate,99,0,2016,0,AH5BMCIQQP6JAACHFMKK64ISEI7A
R0036,1.6,5.0,4,moderate,55,0,2015,1,AHZJA6WGL4BOMNUQDU3FF3VIFFHQ
R0037,0.8,4.0,2,moderate,48,0,2015,1,AH5IJN2ALQB6NWQVUJUVKYKPQDQA
R0038,0.7,5.0,8,experienced,89,0,2019,1,AFAFBZZFP6GH5DKQVAEAZTVDIVCA
R0039,1.2,5.0,16,experienced,111,0,2013,1,AGSMXM27QKQ7HFURJV2OF7ZBBRCA
R0040,-0.7,2.0,4,moderate,109,0,2016,1,AEJTNVQDVZF3Z5G6A76VNHBNUQSA
R0041,2.6,5.0,17,experienced,188,0,2018,1,AGUT3S3CSXPGVDMXMYLOJEBTSOBQ
R0042,1.0,5.0,14,experienced,45,0,2016,1,AFCYTMD36DULWOGT5YZRA3YTD2DQ
R0044,1.6,5.0,6,experienced,77,0,2015,1,AGCZ3PPMQG5QWLCKO7OXQRNM6OCQ
R0045,0.9,5.0,6,experienced,103,0,2015,1,AHLBIUKEID7U6VOQW3SFPC4XHBKA
R0046,2.5,5.0,20,experienced,211,0,2014,1,AFK6Z4AW7CDH3IHSRAABCGTQYH6Q
R0047,-0.7,3.0,5,moderate,650,0,2022,1,AHPEPBKB7HORLXWWW5V4EIDDGVQA
R0048,-0.7,4.0,1,novice,75,0,2015,1,AEASYREC6W2QQSHHLBBXHMTA63OQ
R0050,1.9,5.0,1,novice,74,0,2016,1,AHXOPDS4TJ6M2DDPCAXFQOWCOIAA
R0051,0.8,5.0,3,moderate,29,0,2015,1,AG2VRMCGWPKY5ATZXM4JPWKWTNDA
R0052,2.5,5.0,1,novice,148,0,2021,0,AF4BPFEVJGTUXL37YPRUO55WAH5Q
R0053,1.2,3.0,11,experienced,155,0,2017,1,AHGKRSTTZ4JRVCXIT4HXZFI6NFOQ
R0054,0.8,5.0,5,moderate,19,0,2015,1,AGY3NX4DFJFLTQNI6K6M7ITZWDWA
R0055,1.7,5.0,8,experienced,344,2,2019,1,AE75XLGPCAOWCQB4QUAFJW3KZC7A
R0056,2.4,5.0,16,experienced,100,0,2016,1,AHJIORM4ZBKGEQQS6FVEHPAFH5FQ
R0057,0.0,2.0,9,experienced,60,0,2018,1,AFQWIZIQC5UQYEWDHEIT7Y243YMQ
R0058,0.8,5.0,9,experienced,97,0,2023,1,AGP5B4QE5JJVM2RIUL6ELV5J5GGQ
R0059,0.8,5.0,2,moderate,94,0,2018,1,AED77SMZVNEAP6AUG4ZT6XM3FRLA
R0060,-0.1,4.0,2,moderate,167,0,2020,1,AG3WBZEB6V7IPOFAQITMVPMZMX6Q
R0061,1.0,5.0,12,experienced,64,0,2020,1,AEMZKTAU6JERYGCGLT5DVM6RPVFA
R0062,-2.2,3.0,6,experienced,188,0,2020,1,AEUQTX4ECDBVH2KNZQWBNXTFHVJA
R0063,1.0,5.0,13,experienced,20,0,2021,1,AEP7C3ALKTCETO7FUFPGC2UUBV2Q
R0064,1.5,5.0,6,experienced,122,0,2020,1,AEBYOIBIUGHMCRHHJ4CULYXD3BAQ
R0065,0.4,4.0,6,experienced,54,0,2020,1,AEOFUV4Y2W2KHURHN2RQWJBUPSKA
R0067,1.5,5.0,6,experienced,186,5,2012,1,AGWUNEOJ3ZJPHBRDNULSPFZEGOPA
R0068,3.0,5.0,6,experienced,672,0,2012,0,AFFLBILCIUV2TKITUZWMNYWGOXOQ
R0069,0.8,5.0,13,experienced,79,0,2019,1,AHK4E23ZCUMTH45USHJADE3AKQQA
R0070,2.0,5.0,217,expert,105,0,2020,1,AEQDKOKITGAU3XIGB7NIALDBSAHQ
R0071,0.7,5.0,5,moderate,66,0,2016,1,AEURMLNEO6MZKIU4U6HCEAFEEEWA
R0072,2.4,5.0,4,moderate,286,0,2013,1,AETQIQNAXOPSL3IPTS7KCVBK2VVA
R0073,1.8,5.0,4,moderate,52,0,2020,0,AGO5MQ5TYSMFEIAU2Z7O3FVFGUDQ
R0074,0.8,4.0,1,novice,40,0,2015,1,AHQTRARII3U66LKC53UX5CL3YI6A
R0076,0.7,5.0,10,experienced,14,0,2016,1,AG2QHL267U2NYXNCZS6HFUOPUWHQ
R0078,1.0,5.0,6,experienced,62,0,2021,1,AFGBHTIUJJSOULK6NEQPNQOF5UPA
R0079,1.5,5.0,8,experienced,69,0,2015,1,AE5SN2XJITUCGDPBMKRPVSTMC6GQ
R0080,1.4,5.0,25,expert,254,0,2016,1,AF7SHUWZHWXOG6ROPPRCJG7JASYA
R0081,0.4,5.0,4,moderate,132,0,2021,1,AHAHWRBSE2AILFLXRK6XJYVNS23Q
R0082,0.7,3.0,27,expert,542,2,2017,1,AEU2WNWZABH2EM4CRBVJRIFMF5ZQ
R0083,2.7,5.0,7,experienced,234,0,2019,1,AG6WH3ZRQTIPDSJIMLYZWNRAUZGA
R0084,2.4,5.0,3,moderate,150,0,2016,1,AEFKQD2CC4CZU4ZI54OGWFHPUK4A
R0085,0.0,5.0,3,moderate,73,0,2016,1,AFE2TG6KMMH5NYYQWF3I27R6CNFA
R0086,0.7,5.0,1,novice,25,0,2014,1,AHDHMRRIXAZLHMK6KAZXI43OXN7Q
R0087,1.8,5.0,38,expert,118,0,2022,1,AFTIWOVYDHDSI2LYVTWZ522BK7OQ
R0088,2.6,5.0,9,experienced,385,0,2013,1,AHHUJJGLNWFSHITIN4RRTJINSG2A
R0089,2.0,5.0,13,experienced,272,0,2014,1,AF4ZDZYH3X237EJHXEZW5XRHW4KA
R0090,1.6,5.0,10,experienced,115,0,2021,1,AEWXAPHVLH7YPNRLY4K5TF6DSSBQ
R0091,2.0,4.0,9,experienced,107,0,2019,1,AEB5NLYYR5LGCSKUFQLSJZGCDTXQ
R0092,2.4,4.0,14,experienced,181,1,2016,1,AHLOS7TOGXAEHWCHLVL3BL7TO7IQ
R0093,2.6,5.0,19,experienced,245,0,2014,1,AFDO4HGZHDVUP5DYDXMX564M2EHA
R0094,1.7,4.0,54,expert,62,0,2015,1,AHREA6UH2LSZKR4F5YEVA7JBLQBA
R0095,0.8,5.0,10,experienced,75,0,2015,1,AGACS43XW5ACIETDW7FFAV4WQTKQ
R0096,0.8,4.0,7,experienced,32,0,2015,0,AHGBPSYYE2FFCOXWCOIDCSV2BSAA
R0097,4.1,5.0,1,novice,1377,7,2022,1,AFTTV2CEA673UFE3J7ZML27J6J3A
R0098,2.7,5.0,38,expert,199,0,2017,1,AHZRTYTGY6AZF2JU4PMBLZGZX44Q
R0099,1.7,5.0,1,novice,214,0,2016,1,AGQZOSGUB7YAXDTKBPKFY5342UCA
R0100,2.6,5.0,4,moderate,480,0,2013,1,AEMUGFBVDOXFU7QHEPBPK25EF4VA
R0101,0.7,4.0,43,expert,52,0,2016,0,AGGANHPCBJOT4ZDII3G2VN7ILCDA
R0103,1.4,5.0,16,experienced,104,0,2015,1,AFE4VGX7IE642QV66ISXHCLEJ72Q
R0104,0.8,5.0,3,moderate,67,0,2019,1,AE4YGE5S6CUESXE7CFLN3NIQDPKQ
R0105,1.6,4.0,14,experienced,114,0,2022,1,AGX5YYTN6YDY5B347IQ5SBCNCRIA
R0106,0.8,5.0,3,moderate,54,1,2016,1,AGA3YQLGLSFF3HLCKJOKOMO66TKQ
R0108,0.8,4.0,11,experienced,18,0,2017,0,AEEEF77R6MP3SYIPHJWCGUPO4YOQ
R0109,1.6,5.0,1,novice,74,0,2015,1,AFJD3XHMSXKXLBS6GNNWTIWNOFSA
R0110,2.4,5.0,2,moderate,225,0,2016,1,AEGAVNTFDHIWJFDAI3GF6PWNAFEA
R0111,-0.1,4.0,12,experienced,62,0,2015,1,AHCWNPTSFTWU5G3WFJ2YZFQWPIUA
R0112,-2.6,1.0,2,moderate,148,1,2023,1,AHAGTY32MN6I42TZSGT3GQTR4C3A
R0113,-0.9,2.0,4,moderate,143,20,2013,1,AE5MOEZM4YYH57M5XTMTS22TBOFQ
R0114,0.7,5.0,2,moderate,17,0,2018,1,AHMD7O7RWQTGO2S2K7J2BZHB6GQA
R0115,0.4,5.0,3,moderate,159,0,2015,1,AHNFMUQKPDGN22WWLWLTFREXBN7A
R0116,0.4,5.0,8,experienced,76,0,2020,1,AEEP4EDYEEMT6SFA2ADYBJ5V3GRA
R0117,1.6,5.0,17,experienced,141,4,2022,1,AEAZVXGP4QS22ZYWYVMCSOU7GKLA
R0118,2.4,5.0,15,experienced,91,0,2015,1,AHU45RDNIBTUI37E2JFQF7G7P6FA
R0119,0.0,3.0,6,experienced,123,0,2018,1,AH3GGZ33QX5FW3SLCMYPEPHSGDNA
R0120,0.8,5.0,6,experienced,82,0,2015,1,AFKF4BOGBCEBJIXHXKJ34OWM2HOQ
R0121,0.8,4.0,1,novice,455,0,2018,1,AFCBJPGEQ442FPLQZS4DBLX4TALA
R0122,0.9,5.0,16,experienced,40,1,2020,1,AGH3CGNSZZ4DJUX75AZ4NQDTJFOA
R0123,-1.6,2.0,2,moderate,158,0,2021,1,AF2VMDZWN5TJROIJ2PKUPAKAHJFA
R0124,0.8,5.0,1,novice,21,0,2015,1,AF7URYECGSTXPKXTNLCCT3WS6UHA
R0125,1.6,5.0,1,novice,100,0,2020,1,AEUU566GNRJDT2TER3SXKMHCVETQ
R0126,2.3,5.0,5,moderate,288,0,2022,1,AH2OU52CNFVSHVSDFK6TJLWCMDFQ
R0127,2.4,5.0,18,experienced,98,0,2018,1,AEDBPIHL2CZA6SZAXV25LMXXZL4A
R0128,0.4,5.0,1,novice,31,0,2017,1,AFZDWSMCZ72LNGSIAKERR26HI2JA
R0129,1.9,5.0,12,experienced,104,0,2020,1,AEE44Y4J24EF7GDDVWD4CYUHBHYA
R0130,-1.5,3.0,4,moderate,218,0,2020,1,AFAI3FD5WLT7BSXZGYE75T4CF5GQ
R0131,0.4,5.0,4,moderate,83,1,2022,1,AFWDPBXVLEVV65LS7JEXD2BCEEIA
R0132,1.6,5.0,20,experienced,68,1,2022,1,AHKZNGTG7X6SFNG6TW2MYK2PKUWA
R0133,2.5,5.0,9,experienced,106,2,2021,1,AHP4XN3WYPXXLKF6734Y5YLJIX2A
R0134,2.1,5.0,5,moderate,79,0,2021,1,AHHTYYUDAB4BHL3SXQBH2GGJPFCA
R0135,0.6,4.0,3,moderate,172,1,2019,1,AGNEQ7ST6PSHC4PZDE2O4Q7XIEAA
R0136,1.1,5.0,5,moderate,186,0,2020,1,AF52LK5SOADDRIGVFKM3YH6ALHXA
R0137,2.4,5.0,21,expert,218,0,2015,1,AEOE7JGQJ7MKTWJSDGYPO5QLSSYQ
R0138,0.8,5.0,1,novice,71,0,2022,1,AHL7ZQS7N2XIZCFKDYSQA6S2H7HA
R0139,1.1,3.0,4,moderate,81,0,2016,1,AGC42OEWAAHXXDLM7PNKMNJG2SIQ
R0140,-0.9,3.0,3,moderate,102,0,2019,1,AFICAHVFXIKXHXF2OVF6URIAGX6Q
R0142,2.6,5.0,11,experienced,183,0,2021,1,AGD2IV2HWUPPCX5GPEG3XPB4CI6A
R0143,1.7,5.0,30,expert,134,0,2015,1,AHMHI4HC35BETMUYB4LZBSJVWI7A
R0144,1.0,5.0,37,expert,16,0,2022,1,AFRF2GNHW6ZUNHC7WCL5BO5YYGWA
R0146,2.8,5.0,6,experienced,237,1,2021,1,AGURYJSTY2M4JG4VNM2WNHYDIXQQ
R0147,0.4,3.0,8,experienced,18,0,2022,1,AEK5VXVK3QSZN2UOB36BBHCHLMBA
R0148,-2.1,1.0,13,experienced,378,4,2014,1,AFBDSKZ2BYUJOY3NXWUZQINSZNGA
R0149,0.7,4.0,10,experienced,416,0,2018,1,AGK66AZZTVUDHCZZXN7W5YPSEROQ
R0150,2.6,5.0,1,novice,192,0,2020,1,AG2UWDK7ALTNBJV3BMMFDMPVRT2A
R0151,-0.8,3.0,26,expert,181,0,2015,1,AF2WWBGKEAGRGJZ3ZVQWQC62BVJA
R0152,2.4,4.0,18,experienced,293,1,2018,1,AFMLHELGD4WJSACKP7LJ4UJ5AKUA
R0154,-0.4,3.0,24,expert,58,0,2022,1,AE3DC37XRJJZ4PHQA6USDHKSQK5Q
R0155,0.8,5.0,18,experienced,43,0,2023,1,AFMGYHW3NHY6ZAED6Y3ZTZMBFKBA
R0156,2.3,5.0,22,expert,132,0,2016,1,AFZGISQUPTLULO5ZBSERLPU7PLSA
R0157,1.9,5.0,24,expert,92,0,2018,1,AGMB7LAK4YG553UYDXAMJRSTOLPA
R0158,1.0,4.0,11,experienced,346,0,2013,1,AHU4MSRKOIMRJGQBIHHSWS76IS3A
R0159,0.8,5.0,8,experienced,80,0,2015,1,AEULKDQHMOSSWEA22DVKY3I6ALKA
R0160,0.8,5.0,61,expert,66,0,2021,1,AGGEOW5JWMLUK25CA5T7EBETKCXQ
R0161,2.8,5.0,4,moderate,152,2,2022,1,AEBJB3L4N7BMMYKI3UUCAZWYBGVA
R0163,1.2,5.0,154,expert,116,0,2021,1,AHYGEXIFFWAFNCEQ5Z4FPOR7B5MQ
R0164,2.4,5.0,2,moderate,270,0,2016,1,AFNZEHV6BXZ3ZWKOBCF2WIFBO6HQ
R0165,2.4,5.0,7,experienced,175,0,2013,1,AHCY546J642JK3ENUEUC5VIT7OVQ
R0166,1.8,5.0,1,novice,112,0,2018,1,AFOBAWTNCTFGXJUURGRMV3AHV6HQ
R0167,-0.4,1.0,1,novice,25,0,2015,1,AH4PJ77ZJ2RGJCRFXG7AUBML5YUA
R0168,1.6,5.0,6,experienced,286,1,2022,1,AGBU2VNXLBTLCAQKHHNN6TZJFTQA
R0169,0.0,5.0,1,novice,113,0,2016,1,AFFEWAZVJJTZU3NZQZGMPTQFBGEQ
R0170,-0.8,1.0,7,experienced,60,0,2021,1,AEZUSQKQYP3QT2RWY2FALDOYFOAQ
R0172,1.6,5.0,3,moderate,548,3,2015,1,AFVEG4EJYFAY7CXEEKT6NGEA4VBQ
R0173,1.8,5.0,2,moderate,44,0,2019,1,AEAZT27EWKHCIPWVWPES3NL7UACQ
R0174,1.0,5.0,5,moderate,20,0,2016,1,AFOLSWNSUSD23QJRCKU2JBSD6ZQA
R0176,1.6,5.0,1,novice,192,1,2016,1,AF64HM53RZGTRGSF5HIXXYSQYHLQ
R0177,0.8,5.0,8,experienced,58,0,2016,1,AGS5EFEWCHN4HH5CQXFCREFMVYQQ
R0178,0.8,5.0,2,moderate,38,0,2016,1,AFPMW5XRL2Q2VJIJJMBK6HBPTPXQ
R0179,1.0,5.0,3,moderate,48,0,2015,1,AHMYVGSZ25K47ETPONMDVVXX7VUA
R0180,0.8,5.0,2,moderate,50,1,2020,1,AHF6GB4O2Y3UR7J7EAD6LE4JBARA
R0181,-0.9,2.0,5,moderate,63,0,2019,1,AHBHE5TK4RHHTDVUQZLYYRD2EEUQ
R0182,1.5,5.0,1,novice,74,0,2018,1,AFQEOZAXESMYYOBCKUGG2V3KNMOQ
R0184,1.5,5.0,11,experienced,215,0,2018,1,AGANJO4M6L3NBPQPXYHBWBSW3RLQ
R0185,1.5,5.0,4,moderate,55,0,2021,1,AHTZLOS3BFN4AIFJDVFPWLXYO7JA
R0186,0.8,5.0,80,expert,45,0,2017,1,AH3RVXZC6ORJ6KQCDQHLWIX2UY7Q
R0187,0.7,1.0,1,novice,202,1,2015,1,AEI34A7B6ZQEZG4ZVJ7GJU5JFP6A
R0188,0.8,4.0,3,moderate,292,0,2019,1,AFK5YLBS6JJO3KNQGXRM7UWBP3TQ
R0189,1.9,5.0,5,moderate,53,0,2022,1,AHSDDWRAX4EKNIWQ7H4OPMNY7B6Q
R0190,4.4,5.0,1,novice,621,0,2018,1,AGO3C32QDZTXHZ2TQJKIE523HP5Q
R0191,0.7,4.0,7,experienced,27,0,2022,1,AGBNDAH7O4IILL4XHUB5Q7BLRX5Q
R0192,0.4,5.0,4,moderate,48,0,2015,1,AESH2TXJA2TQFDVAGPKYQL42FXGQ
R0193,0.8,5.0,4,moderate,48,0,2015,1,AESH2TXJA2TQFDVAGPKYQL42FXGQ
R0194,-1.7,3.0,3,moderate,85,0,2016,1,AH4VJVJJ6KVUPHZZGNPCLUJXMTJA
R0195,1.6,5.0,3,moderate,86,0,2021,1,AEW4DOMGL62IY35663MQCOGXV27Q
R0196,2.4,5.0,8,experienced,471,5,2016,1,AHEMZUR32XHVJ3DZI7A6BQ2IBAVQ
R0198,1.7,5.0,3,moderate,102,0,2020,1,AHVADVNXMHQ46H2FKMQUYBQWCPMA
R0199,0.6,4.0,6,experienced,151,0,2018,1,AETJR7SCGJ7L5TGPCJO2HGLFVHGA
R0200,0.9,3.0,2,moderate,223,0,2018,0,AH5OW37PWRJ5TEJP5CUKW4RSDGWA
R0202,2.6,5.0,3,moderate,118,0,2019,1,AG2PESLNFRNYNJETM7QFQTWHSZ4Q
R0203,0.8,5.0,9,experienced,54,0,2018,1,AHPMJ7737P3SXWLG3HAZ6DAGWNVA
R0204,0.9,5.0,1,novice,41,0,2020,1,AHHHC5G657UZSUPYP3EB5CZ4CILQ
R0205,0.8,5.0,6,experienced,188,0,2015,1,AG4H63OPAWBG7DY6WTFSIWIZR3JA
R0206,-0.9,1.0,2,moderate,111,1,2016,1,AHUGG5OBTBD4ZLQCNVGYAVKMWRSQ
R0207,0.4,5.0,1,novice,156,2,2022,1,AE5TVYKJFN66ZS7OOFKJ6ABJA4ZQ
R0208,2.4,5.0,5,moderate,216,0,2020,1,AFJ6ME2A33XMFBEYZU6VZTI6N6MQ
R0209,1.7,5.0,1,novice,99,0,2022,1,AFKUPL6U7XTWOTVUACX6UYQGI4RA
R0211,2.4,5.0,4,moderate,241,0,2022,1,AGWZYZJOPXFV75J5JKWODGLSQYCQ
R0212,0.0,5.0,11,experienced,133,0,2016,1,AGUT2P7FOJQJXLJCIPTYAR6OHZLQ
R0213,1.9,5.0,2,moderate,171,0,2016,1,AFRVS5BNWHOI2LGTMCVXPMPQXXDQ
R0215,1.3,5.0,3,moderate,81,0,2018,1,AGVOMZOC6FTEPHIA23W7MLB4ZJNA
R0216,1.8,5.0,2,moderate,69,0,2022,1,AFSVE2WKI4IHNETL3VCVTMFUAGMQ
R0217,1.1,5.0,4,moderate,309,1,2015,1,AHB4QIKLFEQ6IHRPDGZ2YPGWM6TA
R0218,2.4,5.0,2,moderate,386,0,2015,1,AFSEXJNLLGWLA2EQOC2OOQY3ZAIQ
R0219,-0.1,4.0,1,novice,384,0,2015,0,AHDQHNMEMFQBHDV5CQWNIZASRAMA
R0220,1.0,5.0,3,moderate,56,0,2021,1,AEHZLM4PYCLYCIR3HCHKGKMUG2UQ
R0221,1.6,5.0,18,experienced,104,0,2017,0,AFZC22FMW56GO4BEX42J3VWHDXVA
R0222,0.7,5.0,1,novice,56,0,2017,0,AESWZODHVHLTRSSDUUX4EGLY5N6Q
R0223,0.9,5.0,1,novice,21,0,2018,1,AHSHRKWYJZ7BUJBEDBY7E5UUIZRA
R0224,1.4,5.0,2,moderate,190,0,2022,1,AFSHUS7TESIOCZB2VFW4NHEWPRAQ
R0225,2.4,5.0,12,experienced,146,0,2021,1,AGSZD4KJWDHXRECHEE4RIRWH5KJA
R0227,-1.8,1.0,1,novice,127,0,2022,1,AGA6TKRRMQMOTBSU7E5S4ZEHV5WQ
R0228,0.9,5.0,6,experienced,48,0,2018,1,AHKINPONANH34IWQ74CGTQEDSJUA
R0229,-1.9,1.0,1,novice,457,0,2021,1,AHQPFEH7KRCVIZROR5ADPJT6OYOA
R0230,-0.6,3.0,2,moderate,193,0,2019,1,AE7AY5IPY6D3DXBTZRJQURFEJ4YQ
R0231,-1.6,3.0,1,novice,116,0,2017,1,AFFT6CICL2AGSFDVWLLYJVQJVTGA
R0232,0.9,5.0,1,novice,21,0,2021,1,AGHQJEXABGAUVL3N7WEHAR7DDRUA
R0234,0.8,5.0,10,experienced,17,0,2017,1,AE2SDCOJQGUH7X2QZI7WJTSEM3ZA
R0235,0.8,5.0,1,novice,53,0,2020,0,AEBDEXE4PRW6U7T32H5DXH4AEIDQ
R0236,-0.9,3.0,2,moderate,73,0,2021,1,AGB3XY7GRNKMIHT3S5YUPFFHOYWQ
R0237,2.5,5.0,1,novice,327,0,2020,1,AGARF7U55AFLQCTUTMCSB2P257BA
R0238,0.9,5.0,8,experienced,46,0,2016,1,AG32TQXMHJ7SQIEIC7NPE4SI6AYQ
R0239,0.9,5.0,12,experienced,120,0,2019,1,AHHP66ZZU77UD3X7URRYBSPF7I5Q
R0241,0.7,5.0,2,moderate,94,0,2017,1,AH7GCHEBMNIKYZOUVIVWXLSWDZCQ
R0242,0.7,4.0,10,experienced,168,0,2018,1,AFA4HHR72NNYZML6ETEACXZD5Y4A
R0243,0.0,5.0,1,novice,103,0,2021,1,AGVVQPHHXRZMFYM2WTLDQKOTBF2Q
R0244,1.7,5.0,5,moderate,94,0,2017,0,AHBBH3HGVVNJAL6CD6O6IZC55AEA
R0245,-0.9,2.0,1,novice,169,0,2020,1,AF2XUIANDVPJMP5CXG5YONGJSKCA
R0246,-2.3,1.0,1,novice,307,12,2019,1,AERIRPWDME3DCZJDVZRSOJQRUNZQ
R0247,2.5,5.0,1,novice,230,1,2017,1,AH4DEQ4OH3D7LWDPB5HKJRUHCEHA
R0248,1.8,5.0,2,moderate,343,0,2020,1,AHC6FS44HG5M7AW3X4MAL2W3LYJQ
R0249,1.5,5.0,4,moderate,167,0,2022,1,AFWSROLSIQLPNYG5REI7QIN2HAUA
R0251,2.4,5.0,3,moderate,222,0,2019,1,AE4CKMZQ3ABQ4ZVXBIEMSFV75ZXQ
R0254,-1.2,2.0,1,novice,121,0,2021,1,AGIXDXMEJCB7NP2E4I552K6EIDXA
R0255,0.4,4.0,4,moderate,71,0,2017,1,AF3LVIPZ5WADQIAKR24UTIMLMBPQ
R0256,-0.9,3.0,1,novice,88,0,2021,1,AGQ7YNBABIOJ4NJOQEVL6LAOHPVA
R0257,0.9,5.0,4,moderate,31,0,2016,1,AGWE7CZ3YQJCLGG3GHEPB4Z6BZ6A
R0259,-1.8,1.0,7,experienced,214,1,2020,1,AE5PEZ2FMGNNMGYNBAH3MXPBFBNA
R0260,1.0,5.0,6,experienced,35,1,2016,1,AE7I274MXMHV37HHNX6R4L3BVQRQ
R0261,1.6,4.0,2,moderate,94,0,2021,1,AFW2NJKNQWJHGUFYR2ZGFM6XLJTA
R0262,2.2,5.0,6,experienced,401,0,2016,1,AGDVM2RPFL4JQEJULVUJP2F77IIA
R0263,-3.3,2.0,6,experienced,502,1,2020,1,AEQSEEHJ2CKCWD4I43F6P4IIZHKA
R0264,2.4,5.0,4,moderate,277,0,2021,1,AFL62GJTY5HKKRMYBINSSFQYQ4UA
R0265,0.4,5.0,8,experienced,83,0,2015,1,AH4XJMCZG5CV2OVHUAHM5ELMP7HQ
R0266,1.5,5.0,7,experienced,149,0,2015,1,AF4ZLOVMR44PL3LM73EFZ673DY3A
R0268,2.6,5.0,4,moderate,212,0,2018,1,AEJQFZQBG4EZWXNZMHZ2WKQZ5H6A
R0270,1.5,5.0,4,moderate,56,0,2020,1,AG7LKFGSPG5X5ME7MJOUGLLQDXHA
R0271,2.6,5.0,3,moderate,185,0,2017,1,AHWN64KJKHSBFM4VOV4OBOIJYGKQ
R0272,1.9,5.0,7,experienced,161,0,2018,1,AGBQY6SBV4MLGWSPM3OKTESO5IKQ
R0273,0.9,5.0,2,moderate,128,1,2022,1,AEOVYPEVB3EY25TS2UNYXSMLXJYA
R0274,2.4,5.0,10,experienced,434,1,2015,1,AGDHGUSBH5VYQIAMPIZ33Q7VTUTQ
R0275,-0.8,3.0,1,novice,89,0,2020,1,AGNQHYBHDYKPTACMAFLEZETPWYBA
R0276,1.6,5.0,5,moderate,104,0,2015,1,AEBVJXTJO7GV3BPZ2OOSSW2NLNKQ
R0277,-0.8,2.0,1,novice,135,0,2022,1,AHRK7G3IKMBZBD5NWEGM2R2NFOEQ
R0278,0.7,4.0,4,moderate,280,0,2018,1,AH57EEU6W3UPLQEFSIUCAYRS6YRA
R0279,2.5,5.0,5,moderate,174,0,2016,1,AFC2NBKKHBRNIQKLIUBVNTPLAUIA
R0280,-0.9,1.0,5,moderate,58,0,2023,1,AH62CMPW2T4KMKKNZDCB7H2PDYIQ
R0282,1.2,5.0,5,moderate,64,0,2017,1,AFF7JSN3EKW7HAJOEOWYQDNSFMTA
R0283,0.7,5.0,2,moderate,25,0,2016,1,AHR7CJEF5Q46CXSY45TAYKD4FYZQ
R0285,1.8,5.0,5,moderate,61,0,2022,1,AGIILJC5UOMLBK27T5QQQ3NVN5NA
R0286,0.9,5.0,3,moderate,60,0,2016,1,AHLCIST3JA7UEGFVQ6H2OLEDE6UQ
R0287,0.0,5.0,2,moderate,85,0,2021,1,AHNKA6B2CUS6O3F5J45GJCRJAV6Q
R0288,1.5,5.0,9,experienced,60,0,2020,1,AHF4TKH3DJDNFMXFYEHZWNONVZPA
R0290,1.6,5.0,2,moderate,102,0,2015,0,AHK447FNSPZCIB455VX2VQABJB6A
R0291,1.6,5.0,3,moderate,60,0,2018,0,AG5CAENZ3O5T64FNCOAVJV4WX7LA
R0292,1.6,5.0,3,moderate,124,0,2019,1,AH6NLCIL6YP7GLSCUNUYGH3NFNJA
R0293,2.6,5.0,2,moderate,113,0,2021,1,AH7Q2REI7D6JGJPVCR75G37XFCLA
R0294,1.7,5.0,3,moderate,170,1,2016,0,AHBNLAZ5U4QAMLKRG27P3WTXIOMA
R0295,0.8,4.0,2,moderate,347,1,2020,1,AH5EQX5CWX5EQBF5LVJSHKKTY4VQ
R0296,0.9,5.0,2,moderate,103,0,2016,1,AE3JOPTIAQTFYKOYISG2Q7VDBFMQ
R0297,-2.3,2.0,1,novice,379,0,2021,1,AFXMUEXTIMINHGFUI2ZQE3EKRUZA
R0298,1.6,4.0,4,moderate,91,0,2018,1,AFFKS52A7KNUYWV2KBDUCEFI5ISA
R0299,3.4,5.0,8,experienced,1033,67,2018,1,AEHHK2Y35P7BQOPGOWA6VHPXN6UA
R0300,0.8,5.0,1,novice,18,0,2017,1,AGOGCUIHPN67MFCCCA7MIIOX3GBQ
R0301,-1.7,1.0,3,moderate,119,0,2020,0,AGBDBJFD56NMVFKGPQL6DHCSENGQ
R0302,1.4,5.0,9,experienced,60,0,2015,1,AGQKZJS4GYAOSUZN2FOO4XHYR6XQ
R0304,2.3,5.0,4,moderate,98,0,2020,1,AGOCIVDYS54RSVIE66KM7ATZPZWQ
R0305,1.8,5.0,2,moderate,64,0,2019,1,AGO3UAE47HGPZTFPY3M6CYWIBFYQ
R0306,0.8,5.0,2,moderate,56,0,2018,1,AFEN7ZBFSALAM66TV3MXDMTS2HWA
R0307,0.8,4.0,3,moderate,120,0,2021,1,AE5MYBHVT3F7YAF4DM2BGC4RXPDA
R0308,1.5,5.0,3,moderate,98,0,2020,0,AH2753AMM3HF6EC77H6HNFKELHGA
R0310,2.4,5.0,42,expert,195,0,2019,1,AHJMFHGMCYLEAHFVJUVWXDOMPCDA
R0311,-0.1,3.0,1,novice,149,0,2016,1,AGBAEJQDLDBBXAORCFVR6ME4UUDA
R0312,4.4,5.0,2,moderate,1026,1,2016,1,AHNJLJGGPDKH2FZVEFFLAUN4NCKQ
R0313,1.4,5.0,1,novice,68,0,2020,1,AFBLJFGM6ULAIMRLKE3UCJW4FJ4Q
R0314,0.8,5.0,2,moderate,21,0,2019,1,AG6IBST6KZZZF4XF323TP5XPL2SQ
R0315,2.2,5.0,2,moderate,146,0,2015,1,AFSD3EDNXZFNPN6JLVANLZ35CR4Q
R0316,0.8,5.0,2,moderate,49,0,2015,1,AFQNRA6RF3XFALL6732P6K26X6BA
R0317,0.9,3.0,1,novice,21,0,2019,1,AHOQBCKNMWE4QBII5CW4UCTF7PVQ
R0318,0.8,5.0,2,moderate,21,0,2019,1,AG6IBST6KZZZF4XF323TP5XPL2SQ
R0319,0.8,5.0,6,experienced,53,0,2017,1,AG5R2XJDHMLPZWPDGNACOASA37NA
R0320,2.8,5.0,1,novice,261,0,2020,1,AERQXNI65YHRRK2Q2Z2HUCIVFCIA
R0321,2.5,5.0,2,moderate,147,1,2022,1,AHLQDWMM5MRJIR3NLRG4AHSF4OMQ
R0322,2.4,4.0,3,moderate,186,0,2020,1,AG6D46E7NFWWAWBICJ6SFSLP3B5A
R0323,0.4,5.0,1,novice,159,0,2016,0,AF5VU6GHLRGJDSVKZVK4BLCZD57Q
R0324,0.8,5.0,7,experienced,17,0,2017,1,AG4V5IZVD67H4FL72QTB2Y4673YA
R0325,-0.1,4.0,7,experienced,313,0,2020,1,AHXJWRCWLJ3NEJN5F3ZQT267NHXQ
R0327,0.8,5.0,7,experienced,94,0,2015,1,AEC5K2DTELWLHBUZDPH4YNFWHF4A
R0328,1.7,5.0,5,moderate,135,0,2021,0,AGMQW36KUWSQDJYMAASDRZCFZAKQ
R0329,0.8,5.0,14,experienced,45,0,2016,1,AF22RBWGMYVRPPFYTYSW2CU3YLOA
R0330,2.5,5.0,2,moderate,247,0,2021,1,AEWSECQZGFNGGOEYJHBVAEOMY7XA
R0331,0.9,5.0,1,novice,81,0,2019,1,AESG25F65BJQUIRAHGH7D7P3WE2A
R0332,2.3,5.0,6,experienced,172,0,2016,0,AGPT5NTCNF3E3RAAJ46OALLTI7DA
R0333,0.7,5.0,1,novice,85,0,2019,1,AFJDVKD6DXXLYE4OE2RXS35EN3MA
R0334,0.9,5.0,1,novice,22,0,2015,1,AF2U4XILMUF6A6ZSPFM3XFINQMLQ
R0335,-1.5,1.0,1,novice,368,0,2015,1,AHF3OGL5WCMBJAOIUQQ2TS2T5M4A
R0336,1.7,5.0,12,experienced,131,1,2023,1,AE737ONXMNKB5ECN5FFXIOBHFSHQ
R0337,2.3,4.0,20,experienced,266,0,2020,0,AHYLXQ5EB7EE5OYF2OFOYK43GCKA
R0338,1.6,5.0,6,experienced,186,0,2016,1,AHI4C3ZBDANCYGKNA5CY5NEQJ75A
R0339,0.8,4.0,2,moderate,44,0,2015,1,AH6DJ5E2GFWJQAHT2EQF2TGFPYXQ
R0340,-0.9,3.0,2,moderate,58,0,2021,1,AEJD7WGNGUQYRWISGWWDR3223RCA
R0341,0.8,5.0,6,experienced,30,0,2015,1,AGV3F7W5NO55MZSG4OILGJKOLSOA
R0342,1.5,5.0,1,novice,170,0,2020,1,AEZKDOYRCFQZN54RBLDQTYRDFULQ
R0343,1.0,5.0,12,experienced,29,0,2020,1,AHVJK6FT2M5VFH442IPS4TFSZXHQ
R0344,2.1,5.0,2,moderate,285,1,2023,1,AHEI3Z56TNVSUU2573MEZASMALQA
R0345,2.4,5.0,2,moderate,241,0,2016,1,AHC6SWX7NMEOY7NRZPFHSJKVKF4A
R0346,-0.4,2.0,2,moderate,20,0,2017,1,AHOYYYIBJW5UMHQBVHSTCJGSCGNA
R0347,1.7,5.0,2,moderate,73,0,2016,1,AGDXPFKEY75TJ4NPHUO7HXKBKHRA
R0348,2.0,5.0,1,novice,236,0,2016,1,AEGDPBX77QBPSILJQQOSUPDGB6VQ
R0349,1.6,5.0,1,novice,61,0,2018,1,AHVTCW2YWGIQNK4OJ7YQ7RC3ZREA
R0350,0.0,3.0,4,moderate,64,0,2017,1,AFRFZ3NAXHFHBOCYRQLTYUCJ4ONA
R0351,1.6,5.0,2,moderate,68,0,2017,1,AGHCBBYIGAID7X3P4AM2PKMAYNRA
R0352,1.7,4.0,8,experienced,230,0,2016,1,AH6OSD2QJVYZGU2XNPEWJPWJPJPA
R0353,0.4,5.0,2,moderate,71,0,2020,1,AGCGQDOY2UV5FAHIBMEP6LN6F7VA
R0354,0.9,5.0,4,moderate,60,0,2021,1,AHP4BBZCHTHXP7GONUHH2GLUPD2A
R0355,1.6,5.0,1,novice,64,0,2018,1,AH64TFKXARC3NYP5RHQNANGLU7XQ
R0356,-0.1,4.0,12,experienced,139,0,2016,1,AE2JCUYCFUYOAJYRXWFK5CAQXYSQ
R0357,1.9,5.0,9,experienced,275,3,2016,1,AEZS27KFLSTNSKCKZE3NCV6HGMSA
R0359,0.9,5.0,1,novice,172,0,2015,0,AH6K6LZ4YEAJRSBJBGSO43UDG77A
R0360,0.8,5.0,7,experienced,16,0,2019,1,AF5HSCQ3TO4IBCVIFQYYTRL23CHQ
R0362,1.9,5.0,1,novice,66,0,2019,1,AEKQXSC2SOPLBQHADRXVAKLDPTCQ
R0363,1.6,5.0,5,moderate,330,0,2021,1,AEDXUQRCCK25LUDLWEHC5FZFNJ5Q
R0365,1.6,5.0,10,experienced,113,0,2019,1,AEJOXK253TBH6IBYG6LBVGFPZC3A
R0366,1.6,5.0,2,moderate,115,0,2023,1,AGLPDI5US46KA6VUIDXSVW3MOPZA
R0367,2.4,5.0,2,moderate,317,0,2019,1,AEZMW6PYS5WCVQ2ES2H7P2ZTMH5A
R0369,0.8,5.0,1,novice,29,0,2020,1,AGTAY4IDA2YI5BXQG74AHDAZ3Z7Q
R0370,1.7,5.0,5,moderate,64,0,2020,1,AE7Z4Y3XJDAFG5XIWR5ALRLQGMYA
R0371,1.8,5.0,2,moderate,95,0,2021,1,AGK6UPFRSBX6HGDGWXHHDZDXI76A
R0372,1.5,5.0,5,moderate,132,0,2019,1,AFOKC6ZCLFFHHE22E6CH7A7B5NEA
R0373,0.0,5.0,3,moderate,154,0,2022,0,AE2VC4NOWCCJEQONDK7F2JKETIJA
R0374,-0.2,3.0,9,experienced,535,0,2018,1,AHTIFV4X3VWPLSL6OC7VGC675LKQ
R0376,1.6,5.0,3,moderate,163,0,2018,1,AFW4ML232IY2Z3ZDEWMA6VBALXGA
R0377,0.3,4.0,2,moderate,55,0,2015,1,AEHPSBZ424BDIEB4RXZCTHL7QQHQ
R0378,1.0,5.0,1,novice,23,0,2018,1,AHI5J5Y37QPSHLOWV3UY7D4JL32Q
R0379,0.7,5.0,3,moderate,98,0,2016,1,AG6PAER3VARK7AL76D3TGYKGPQHQ
R0380,0.9,5.0,1,novice,411,1,2022,1,AEKAGWYBEXD4UOGZQMHMZH35G3SA
R0381,0.8,5.0,3,moderate,62,0,2017,1,AHQIWWKSFJSFZKCXK672MJFLKXJQ
R0382,0.8,5.0,2,moderate,63,0,2015,1,AEAASMQYNTEPKUMJFUTOAS7CEANA
R0383,1.7,5.0,4,moderate,243,0,2016,1,AEXZKBWCXOYDJOI5ZLWHP2VI6EHA
R0384,0.8,5.0,3,moderate,45,0,2015,1,AEZNDYXIFAYNTI7TG4CKGXKHJKUQ
R0385,0.8,5.0,7,experienced,58,0,2016,1,AH5WHIAELFVY3YQALPG4OUTT2TFQ
R0386,2.4,5.0,1,novice,129,0,2019,1,AEOGKTMU3MUFIONDH3FO656LX6AA
R0387,0.7,5.0,1,novice,106,0,2016,1,AEKHMZYOVSHXISPQPFVWWX2NQR2A
R0388,2.4,5.0,3,moderate,111,0,2016,1,AFMJOGIZ5YH4R4LSF4VSYO23KDKQ
R0390,0.9,5.0,17,experienced,36,0,2019,1,AE34XE3DSXHTUHC5KOQSIJM4TZZA
R0391,1.7,5.0,1,novice,104,0,2016,1,AGNPY2P56BOSMQOFO3XO2MTA2YAA
R0392,1.6,5.0,2,moderate,89,0,2016,1,AFFDQON27DOYLPIFQUBOEHJWZ3QQ
R0393,-2.5,3.0,6,experienced,405,0,2016,1,AHURZ7DN4TD7AR27QVKNDVDYAJCQ
R0396,1.6,5.0,1,novice,77,0,2016,1,AFZJRTKZLBOFD6JNTQ5QOBQWIS3Q
R0397,0.8,5.0,2,moderate,304,0,2022,1,AEUQQEKSX7JARGPONYJCVP432C3A
R0398,2.4,5.0,2,moderate,203,0,2020,1,AHP4H4GSNSDPHDBZEKZRF233SUAQ
R0399,0.8,5.0,1,novice,61,1,2020,1,AF6LJIJCFHRN4OLRBVWW37CHIEAA
R0401,-0.8,1.0,1,novice,55,0,2020,1,AFEWMN4GY3VHXJQHXEVZ2AK54IIQ
R0402,0.8,5.0,5,moderate,102,0,2015,0,AGUJIEONQFJRJE4YESKFVSZ2RSYQ
R0403,0.8,5.0,6,experienced,79,0,2020,1,AFPJP6AJENDMTZ6MHNUIK6BEKJEQ
R0404,3.5,5.0,14,experienced,846,0,2017,1,AF3RBMPTIT222XTIMNPTGXZYC44A
R0406,1.6,5.0,2,moderate,155,1,2023,1,AGX7WZT2QQUXFQU7CDOWXD5EJR5A
R0407,1.8,4.0,17,experienced,62,0,2020,1,AFYRISKGXNLIWIIQOWHOARJF246A
R0408,-1.8,3.0,1,novice,165,0,2016,1,AF2GZC7TTL3V3XN4NM5ICJAHKUOQ
R0409,1.7,5.0,2,moderate,51,0,2022,1,AERFAOSTXPBNDRUG4XOOH4SPTXHQ
R0410,0.8,4.0,3,moderate,334,0,2020,1,AGL3BDTVCANPTZ3VQGBX5YTT3L7A
R0412,1.8,5.0,2,moderate,68,1,2020,1,AEO3J6KTL75Y5GZ4S63DAQNXIKKQ
R0413,0.8,5.0,4,moderate,56,0,2016,1,AHVO4CDQVYF7VXPPVMX6Y62MCH7A
R0414,0.9,5.0,2,moderate,23,0,2017,0,AG7TRSO2TEVPZ37LP7DFZM5FU4BQ
R0415,1.9,5.0,1,novice,90,0,2021,1,AHZW55ZK5QUBQE4YH54O2IP3JY3Q
R0416,0.8,5.0,2,moderate,27,0,2015,1,AFIGM3OEEE5EYBH6MDWRCVVCBFKA
R0419,1.8,5.0,3,moderate,107,1,2020,1,AGITVV243KDCOZI5MO7V6CKGNALQ
R0420,0.9,5.0,1,novice,21,0,2015,1,AHO4OQU6CMZYNTMLHWRRPIWKLQPQ
R0421,0.9,5.0,1,novice,20,0,2017,1,AGQQMQXLESECQ6AAX7LHVAZRNMXA
R0423,0.2,4.0,5,moderate,301,0,2021,1,AEI2ZYSBL42WRKYWZMWLY3A4FVTA
R0424,2.5,5.0,3,moderate,220,0,2022,1,AGWTZOTASVDM4LX75MLJETNAUSIA
R0425,1.4,5.0,1,novice,62,0,2020,0,AFUOAI7TGTZC2BM3WRJQXEIZ426A
R0426,1.0,4.0,3,moderate,16,0,2015,0,AFFJJJGX5L6DVD5SZE5JCSTN4DXQ
R0427,1.0,5.0,1,novice,83,0,2022,1,AFNLNR5GKYJ2MPYXBFL7SX77C5TQ
R0429,0.7,4.0,1,novice,57,0,2017,1,AHGJWQJQCUEYJWPCGQOACS4PP3AQ
R0430,2.5,5.0,2,moderate,307,0,2021,1,AHNX7JUJFGD4IETRIKJWL4RSS2HQ
R0431,-1.8,1.0,2,moderate,198,1,2022,1,AEUB4R3ZVUARCQGLXKMDNRODBINA
R0432,2.2,5.0,3,moderate,256,0,2015,0,AHIXFG6SVCVFUKZ5QTLVEULV456Q
R0433,0.4,4.0,12,experienced,51,0,2015,1,AG4T7T4UECCTLBCWUQ5CCGK4RJIA
R0434,-1.9,1.0,2,moderate,185,1,2018,1,AFSMTUY4PUQXLUZA56IFLBJTXU7A
R0435,2.4,5.0,5,moderate,921,0,2022,1,AFKG6KJSS3TKFRDOZENQS3KBRGZQ
R0436,1.7,5.0,1,novice,90,0,2017,1,AGVROZ2KCHDO32ZFFACWDOCWR7TA
R0437,4.2,5.0,16,experienced,592,2,2015,1,AGIFJT2QDO6OOIINACXMTZVIB3ZQ
R0438,0.4,5.0,16,experienced,172,0,2022,1,AH5GZRDLV247N5EULT4NQWHCJ5KA
R0440,1.0,5.0,5,moderate,37,0,2017,1,AH7AWN6ZHLOPMOYUUQFE73KFJPSA
R0441,0.1,5.0,2,moderate,102,0,2022,0,AEVJDUAMTH44P63UPD5ZFJPC6CJQ
R0442,-1.8,1.0,1,novice,235,1,2022,0,AHMNCXGBDJMJPPFB67VTEOQMSOTQ
R0443,-0.9,3.0,7,experienced,46,0,2016,1,AGFDFRXHKGJKUH3MZVXIN4IXMBEQ
R0444,2.0,5.0,9,experienced,121,0,2015,1,AEHTGX4DHRONN6T2XI2HQCPPE6XA
R0446,1.6,5.0,2,moderate,67,0,2017,1,AFI2NVM5KBF7PUCOJLRKDVJRUMEA
R0447,0.8,4.0,1,novice,140,0,2021,1,AETBZJOK7NMVXGBZ6JTYK65D5TTQ
R0448,0.4,4.0,1,novice,28,0,2016,1,AEIKP33GPI5PU32JXH7FTDAOVYBA
R0449,-0.4,1.0,5,moderate,59,0,2023,0,AHJMJA5EC6DIO6NZYSGGTBOFI6UQ
R0450,2.7,5.0,1,novice,226,0,2018,1,AEQ6WMOTF3R5LGWNXUXFDII6QNUA
R0451,0.9,5.0,1,novice,24,0,2020,0,AH2YDAJVIAO4VAZDIOIOWNPF7IBQ
R0452,2.5,5.0,4,moderate,78,0,2020,1,AH3DMIK3JWZOEXPRN4FV6ZOS7CLQ
R0453,0.8,5.0,7,experienced,36,0,2016,1,AGDMH2HUG7PKMPA443BTMA5BDBQQ
R0454,1.0,5.0,2,moderate,52,0,2016,0,AHREAYO2VWWJB56WYLC4OY457QKA
R0455,1.2,4.0,3,moderate,107,0,2021,1,AEJDM3V2SOX22V6JYXH5NY6YN6DA
R0456,1.0,5.0,2,moderate,20,0,2020,0,AFZR2S5HUD3MNNQMET7KQSZ4HSFQ
R0457,0.8,5.0,5,moderate,29,0,2019,1,AFDTNZ5JNONKZV3M5BTD5EUJBFOQ
R0459,-0.4,2.0,3,moderate,46,0,2019,1,AHVOC22QAJ6RSZB66O27ESIDRIEA
R0460,2.5,5.0,6,experienced,181,0,2020,1,AFAON72XQ33TXGPD4XYMKDUBDKDA
R0461,2.2,5.0,2,moderate,177,1,2017,1,AH72HIQLQ3I5HMMPEPUPHQSLQTLQ
R0462,1.6,5.0,6,experienced,102,0,2021,1,AE5OOGHNPO7SQPC7NADPXKAPM4IQ
R0463,1.6,5.0,16,experienced,66,0,2019,1,AF7XM5EAG7WQNEHPOFJYINWVL5IQ
R0464,0.8,5.0,1,novice,28,0,2021,1,AGVCC527MEBGNBNRQQVHLK2C7HYA
R0466,1.6,4.0,2,moderate,53,0,2016,1,AGKYZVYWLW3UHG7ABLJB7R6RSENA
R0467,0.2,4.0,1,novice,99,0,2016,1,AFHQRENSQD6UMOFR7S7LX6Y4TSTQ
R0470,0.8,5.0,1,novice,32,1,2020,1,AGKTPDCXUJC4MFNOZC3OEE5HMNBQ
R0471,0.8,4.0,7,experienced,83,0,2015,1,AG2JKDE5KROW3K75BQLJM4OUNMSA
R0472,-1.6,3.0,3,moderate,219,0,2016,1,AFHW6QHIMC6IN5ZZ3WHFYNMS4KWQ
R0473,2.9,5.0,1,novice,159,0,2019,1,AGHAP4RGRIT7VILEPM4X4M6G3ZWA
R0474,2.5,5.0,6,experienced,99,0,2020,0,AF2IAHQ2LLEIRPODKSEGA6ZUMHFA
R0475,2.3,5.0,1,novice,103,0,2021,0,AHRFX2X7OUPBRNEUKNA37DIA4SEQ
R0476,2.4,5.0,15,experienced,106,0,2018,1,AE2HINXVDBJYF2LM2OKXXTXE2GGA
R0477,0.0,3.0,2,moderate,207,0,2015,1,AGHNOYN6D73UYIGUWWP4ABSDSHDA
R0478,0.4,5.0,1,novice,39,0,2019,1,AHWQPG4MYSIEDZT63ZDACAAKIFNQ
R0479,0.9,5.0,21,expert,26,0,2015,1,AGSG4LWZFXFCHPRIV3JUAA6PK66A
R0480,-4.0,1.0,5,moderate,543,1,2015,1,AHBYH2SANBFQVMDXGTYZEQOCVQ5A
R0483,-0.1,4.0,1,novice,362,2,2023,1,AHFHGXLN5BMIVZLDZ2IMK6FFO3TQ
R0484,0.9,5.0,2,moderate,112,0,2021,1,AHX6Z5OH53UZ2GRVC4TK4KU7SMVA
R0485,2.4,5.0,6,experienced,186,0,2021,0,AGNMATHLNEOBYZHIOOTGOFMM24AA
R0486,0.0,5.0,8,experienced,246,0,2019,1,AGYYMLU5DFXLGGTTX3IO3MFRUJXQ
R0487,2.6,5.0,4,moderate,193,0,2021,0,AF64Q7YYDLWWOFAQQVIOUZIN624A
R0488,1.6,5.0,2,moderate,152,0,2017,1,AHEWGDYBY4RB5RNY5NBYONKH7JCQ
R0489,1.5,5.0,2,moderate,120,0,2016,0,AGNYGEIVHDVXHE3CPY5BDUDPDE5A
R0490,0.7,5.0,2,moderate,27,0,2016,1,AGKYD533Y3HPIJQM5BXR3WYDK5RQ
R0491,0.8,5.0,4,moderate,74,0,2018,1,AGVAQSDRH7R5CSXU7VLWWOK3A67Q
R0492,0.4,4.0,1,novice,159,0,2015,0,AE3WPO6P5ALLRLKSHP6CWSAI26UA
R0493,1.6,5.0,2,moderate,129,1,2019,1,AH5BSMRPGAOWTW7TLC5M3W3YE6DA
R0494,-0.8,1.0,2,moderate,226,0,2019,1,AHZ333F3X5RCWUQKDPLC53DGUNWA
R0495,1.0,5.0,1,novice,75,0,2015,1,AGYLEKJKPXBY347V7ORPJLVL2WAA
R0496,1.5,5.0,5,moderate,97,0,2016,1,AGMSMD7Q7X4L3NE7RFGLGC5JNB7Q
R0498,0.8,5.0,5,moderate,42,0,2019,1,AGM5O3RXWS6BCJDO5LQPKD6AX4UQ
R0499,0.8,5.0,2,moderate,22,0,2021,1,AHPJNJ4IQNKXASZ54NXMIOJAB6ZQ
R0500,1.7,4.0,4,moderate,56,0,2018,1,AEVDHYLUYQXYLID4O3NJF4MVBOPA
R0501,1.0,5.0,14,experienced,68,0,2017,1,AEF2MNATHE3ETHXTOXCMMJQN6CEA
R0502,1.2,2.0,1,novice,101,0,2018,1,AERUAFM7B6F7HEAQACSX5FIP3HCA
R0503,0.2,4.0,8,experienced,78,0,2018,1,AHKEHDZE7Z6WKILC3I7WIGAPPTHA
R0504,2.5,5.0,1,novice,152,0,2022,1,AHZLRPY4MR3NKASIAGGGMJK7AH3A
R0505,-1.2,5.0,4,moderate,183,0,2022,1,AGQLHCV4OFTD2SUTVVW32EW5MXIQ
R0506,-2.7,1.0,1,novice,126,0,2021,1,AGBATFL7CSLDSTZTWHVHQNGGIGJQ
R0508,-1.6,1.0,1,novice,80,0,2018,1,AEZVUEWUDF5XVKYY4RYZZJUVDOKA
R0509,2.7,5.0,5,moderate,108,1,2020,1,AGYTJVJADPFLKBQKMWPXNDXVZ6PA
R0510,1.6,5.0,5,moderate,63,0,2016,1,AETZ4KRRXQCXVY53O6VINJ6J4M3Q
R0512,0.4,5.0,6,experienced,24,0,2015,1,AH6VFIRPEGAQQ7WR5URHBGQQWXSA
R0513,0.0,4.0,4,moderate,64,0,2016,1,AFJXO5L4XDYRS7B3N4KPLL7LLP7A
R0514,0.8,5.0,3,moderate,35,0,2016,1,AG5TSPTNXNGAFYF75N3HODOW3LVA
R0515,2.4,5.0,4,moderate,139,0,2018,1,AGBINIMU4VKIRBPGNESWPYIKKYJQ
R0516,-1.1,2.0,10,experienced,252,0,2015,1,AEWQFV25BVWWVMLWI6UQ5ZI572LA
R0518,1.6,5.0,8,experienced,101,0,2021,1,AGWX24EJ4Q6WHXPLWOSS37A5PXOQ
R0519,1.0,5.0,4,moderate,52,0,2016,1,AFWFOLRFHM2CW3TLHRWDVHGEOYIA
R0520,0.8,5.0,9,experienced,52,0,2015,1,AE4KTNFRUHJ6JXE2PZFPFVNBNHVQ
R0521,1.6,5.0,2,moderate,54,0,2015,1,AHY7U5CNYWDIDMNQMEKPTQDZMIJQ
R0522,1.6,5.0,2,moderate,109,0,2020,1,AENAELG4APW2U3ZEXWSFAG3IOJCA
R0523,0.4,5.0,14,experienced,59,0,2018,1,AHW4OZWXSSNTJPPAS35OAB5ZYNLQ
R0524,0.8,5.0,13,experienced,96,0,2019,1,AEWINAQUYLJHXNMAZYGIEXNE473A
R0526,1.7,5.0,2,moderate,228,0,2015,1,AEQNQBCDB2Q2IAUN3T7JDL4MPAXQ
R0527,0.9,5.0,4,moderate,40,0,2019,1,AGHDWTD7HLCW6PRDCYXUOV6UW5MQ
R0528,2.4,5.0,2,moderate,78,1,2021,1,AFWNRQWAZMYHCF5FCUUM7MMDPJGA
R0529,1.0,5.0,1,novice,30,0,2019,1,AG33SAD6MW5AHIKQL57GSSDVNB6A
R0530,1.6,5.0,15,experienced,95,1,2022,1,AEHBDMCI26UZP2EUFP3RCFURGLDA
R0531,1.6,5.0,1,novice,116,0,2021,1,AFW6JMJVAF5VXFGACJO7JIO3FOCA
R0533,1.0,5.0,2,moderate,78,0,2018,1,AF7YZDD2NUTEKUMRDJQACAVLEF2A
R0534,0.8,5.0,7,experienced,19,0,2016,1,AGHUXA46ONHXMC4Z2M3XIJHX5XFA
R0535,0.0,4.0,1,novice,74,0,2018,1,AGFUW7K4HCRHYCWIINAL7Y2XE5IA
R0536,1.6,5.0,5,moderate,271,0,2017,1,AGC2MZYNLL43MFFSABZSNY4VSJ6Q
R0537,-0.1,3.0,2,moderate,178,0,2021,1,AGACL3PVREJZKPUNLSJCB4NFFIHQ
R0538,-0.4,3.0,1,novice,93,0,2021,1,AEMEJ7TVYEP4RA6WXJR7GG5ZZOCQ
R0539,0.0,4.0,1,novice,43,0,2016,0,AEPA3B5EK3I4OV62K2N2NJXKI5PA
R0540,-1.6,3.0,3,moderate,299,1,2021,1,AFZWA5YOC6U35XMFYCOK4YBVY3JQ
R0541,1.7,5.0,4,moderate,172,0,2018,1,AGX2A6TSAJQY2UMSGE7T6S6VEYUA
R0542,0.8,5.0,14,experienced,57,0,2015,1,AFUENGNQ6CEHY3FKPNNBTAHO7CLA
R0543,0.9,5.0,2,moderate,34,1,2020,1,AH5X64XA54UGPHWFIGWGSCCZBSHQ
R0544,-3.5,2.0,2,moderate,503,0,2022,1,AHHHILWBOW3XDFB7CYTLFRKKNUYQ
R0545,-0.7,3.0,3,moderate,120,0,2018,1,AEXBLHPONOKLTZ4EYTW4DH72YWGA
R0546,-1.8,3.0,1,novice,1193,10,2017,1,AEUCPPIMNIVDONDERF75OHABZUJA
R0547,1.8,5.0,5,moderate,242,2,2017,1,AEWLDC5DV4QU7RTURUBB3W2YVADQ
R0548,2.7,5.0,2,moderate,423,7,2022,1,AE47DRKQJXOFGYNEQB5EWRXY3BMA
R0549,-1.4,3.0,1,novice,147,0,2019,1,AEY5USBIQXJJBSPXGA3VDOY77CBQ
R0550,0.8,5.0,4,moderate,38,0,2015,1,AH4CBC35AUOQXCAUDYE4JWU4ECJQ
R0551,2.7,5.0,4,moderate,274,0,2018,1,AGPCL6ERPJZ3N5DID3Z7RLKPVLFQ
R0553,1.8,5.0,4,moderate,69,0,2015,1,AFR2U3HWGCWJFX7KYR3OBNHGF57A
R0554,0.8,5.0,2,moderate,40,0,2019,1,AHE4W5EA4HSESA3IVVJPXK4ARAYQ
R0555,0.8,5.0,2,moderate,52,0,2019,1,AEN4FXB4OIMG265PZB4NOXNTOP6A
R0556,1.5,5.0,11,experienced,262,0,2018,1,AGUV5D7UNP7UMETN3ADA4S63CAFA
R0557,0.2,5.0,10,experienced,222,0,2019,1,AEBV3PVTRG2JWMJ7C5R47G7DEUUQ
R0558,1.8,5.0,3,moderate,96,0,2023,1,AGCLR2KQTZ4YVKTOSYII2NQ5ZTTA
R0559,1.7,5.0,3,moderate,274,0,2022,1,AGT7TH4L5CGFMZD3W5FRXUHQFCAQ
R0560,2.0,5.0,1,novice,124,0,2016,1,AF37S4VALEYV5A7Y4JTX2SVZNR2Q
R0561,2.7,5.0,5,moderate,139,0,2015,1,AFUXMOIXXW4E4AQM56SP5QYEQLMA
R0562,1.7,4.0,4,moderate,255,0,2016,1,AHSML6HG5RSS7XQPR2FDVOYO2L5Q
R0563,-1.7,1.0,1,novice,91,0,2018,1,AGESHTGQB2KT6HSHFA7LWQ5CIYYQ
R0564,-0.9,2.0,1,novice,31,0,2021,1,AHHXSOOPYSWCQWKM5CFGPG6ROX5Q
R0565,0.8,5.0,4,moderate,54,0,2016,1,AGC4FVHDCE3ZQWQKYQVWWWWS5PYQ
R0566,0.9,5.0,10,experienced,116,0,2021,1,AEO7XADBIRU52DIJZOCEOASTI3FA
R0567,-0.9,1.0,1,novice,72,5,2021,1,AF3D3PK3HTZM2CIV76T2XGYWUYWA
R0568,1.0,4.0,1,novice,37,0,2016,1,AFKZROAWAGLJBOZBUVXIC3GX77TQ
R0570,1.6,5.0,3,moderate,52,0,2017,0,AFEK65EG2EFHGVGA72FXKT2TZZAA
R0571,2.4,5.0,2,moderate,72,0,2020,1,AF6OHA6YO4C4Q2JNCSNDNOKMBM5A
R0572,0.0,4.0,4,moderate,71,0,2017,1,AED7KGI2PBPD6DQTAXH4DNQPC4VA
R0573,1.0,5.0,1,novice,24,0,2015,1,AGQZ4I6FEJBK6HR6C3KNABEHRVIQ
R0574,0.0,1.0,3,moderate,188,0,2018,0,AEXBCVY6QPOAZ2BNB5XZHQOVNP7A
R0575,2.6,5.0,13,experienced,171,0,2016,1,AE3SUESWL3N33WRTPVL3C4KNMHPA
R0576,1.5,5.0,2,moderate,136,0,2017,1,AFMMM22LNTB222KKDNWXTOEU73FQ
R0577,2.4,5.0,17,experienced,183,0,2017,1,AFDKIVB6V6UB3IJZJIXNNAVURIAA
R0578,1.8,5.0,2,moderate,82,0,2021,1,AEQ3VJ2PVGW27IW6G6ZI54S5BTVA
R0579,1.6,5.0,5,moderate,103,0,2022,1,AGOU7HWE64IX6OVLXBX7EROYINIQ
R0581,0.7,5.0,1,novice,24,0,2015,1,AHUOJT6SX3CAYTRPBTS2E4BEJRIA
R0582,1.8,5.0,8,experienced,46,0,2015,1,AE4STDK3YZFE5MS2PAUIGAQTDTVA
R0584,0.8,5.0,2,moderate,64,0,2018,1,AEZCJWGRWUJWW7OVU62OIFAGOWBQ
R0585,1.0,5.0,5,moderate,43,0,2019,1,AHT4TGKI47GVOTLSW7HATKVAVXZQ
R0586,0.0,3.0,2,moderate,119,1,2022,1,AGWMLAUP6XYVUAWZHMVL6KZ6KFYA
R0587,0.9,4.0,4,moderate,12,0,2017,1,AF426DDXTQHDJJPST7CTJOKLC4NQ
R0588,0.8,5.0,2,moderate,93,0,2019,1,AGWERDYQJNUOP65OL235Z5CPPEBA
R0590,-0.3,4.0,1,novice,424,0,2016,1,AHVAUJESCEA5IUEW6V32CDF67FNA
R0591,1.0,4.0,1,novice,320,0,2020,1,AFXYC3HYZKXONYB5VJKHH32KXA5A
R0592,1.7,5.0,12,experienced,306,0,2020,1,AE5QPOND4TAXIC6N67O55FS5T5MA
R0593,1.7,5.0,1,novice,84,0,2019,1,AGPBFCKABROMA4VYHFAKNXVBH3WA
R0594,2.5,5.0,5,moderate,373,1,2019,1,AFQF73ZRJNYKR4BJY3JBITHQTH5A
R0595,1.6,5.0,2,moderate,63,0,2018,1,AG2YTVBL2TKR4D4B7BEOUSBNGA6A
R0597,0.8,5.0,1,novice,63,1,2020,1,AFONSGLUAJCGJWIWGKBGIOTTQ4IQ
R0598,1.0,5.0,3,moderate,62,0,2016,1,AGFQ2YBOW2NZP5RXEYT2BLG6DSIQ
R0599,2.0,5.0,51,expert,117,0,2017,0,AH6K462H2EHUUJFGFYIGNXS5DMSA
R0600,0.0,4.0,2,moderate,177,0,2020,1,AHIEDLYZCH6V2S4WI3D4JZH4Z6XQ
R0601,0.8,5.0,3,moderate,29,0,2015,0,AHKMPTYVQIK7AQFJFWQS7K55S5ZQ
R0602,2.3,5.0,3,moderate,77,1,2020,1,AEFUJFCUC47ACQTXOGTVX7J7L7DQ
R0603,1.0,5.0,4,moderate,52,0,2016,1,AFOP77BGMCN2OLE6UC64BSW35LUA
R0604,0.4,5.0,1,novice,40,0,2019,1,AFR3V2HL4VWCLGV5ODLWI3EUCVPA
R0605,0.8,5.0,3,moderate,61,0,2018,1,AHAMUMW72WSDU6S56W7RQ7DY6HZA
R0606,2.4,5.0,2,moderate,105,0,2020,1,AEKG4UQBQJBMM7MWNW4U2NQZVP6Q
R0608,0.9,5.0,5,moderate,59,0,2016,0,AHNNWCXGKTUS7SNRI3ELE54FYCLQ
R0609,0.7,5.0,3,moderate,124,0,2019,1,AGZVDYBH65XSH6O7SNIKBU3L3CNQ
R0611,0.8,5.0,5,moderate,20,0,2017,1,AHBUXXRVT3NSRMZJS6MDIDIQSB7Q
R0612,0.8,5.0,19,experienced,56,0,2022,1,AH7BTEAOB7UCFBJMRKO4MY6KBCYA
R0613,0.7,4.0,4,moderate,56,0,2016,1,AEFVWSJSN47CHAJXJDX74K3FMKFA
R0614,1.5,5.0,5,moderate,323,0,2016,1,AGPPYJLFAEJQBAJ5KJTWBJCGRL4Q
R0615,1.8,5.0,1,novice,96,0,2020,1,AHB3H4TPISIBC5HIN4MF6JAFTVGA
R0616,1.6,5.0,9,experienced,141,0,2015,1,AGZXOYC72XHNH4OVKPKT5YFCXM5A
R0617,1.6,5.0,4,moderate,88,0,2018,1,AG4R5K5SXLO4L4RZ2PZMEK3QWR4Q
R0618,0.4,4.0,12,experienced,80,0,2016,1,AGLNZU7E5AXZT5IWNQALL657PEZA
R0620,1.7,5.0,5,moderate,59,0,2021,1,AG7E4C7J6ZYYV6H5O5DQ3EY3Q3WA
R0621,1.0,5.0,2,moderate,64,0,2019,1,AGOE7X53BDVSKQWMJKFQFT2XZCSA
R0622,0.8,5.0,3,moderate,49,0,2022,1,AHVJNNNRRLPCQ6LYFHFS6SCLGZMA
R0623,2.1,5.0,2,moderate,82,0,2020,1,AGX6ZIQCQ7ZESZV3JVK6LN5NOD7Q
R0624,-0.9,2.0,3,moderate,26,0,2019,1,AHBHY3IQO3RZRQRDOWTPB57HFOEQ
R0625,2.4,5.0,1,novice,122,0,2020,1,AG6OFXCQHTNZ5AQBV7NC6Q6TP3PA
R0626,1.5,5.0,15,experienced,57,0,2017,1,AG354U5GUP4UDSHPLOLCGDUJYNGQ
R0627,0.9,5.0,6,experienced,38,0,2015,1,AESF5AMF6TEECAU2J3YYFIYEIMOA
R0628,1.6,4.0,1,novice,247,0,2015,0,AG6QB5NTC5QN7LDRWFXIBYXTGURQ
R0629,1.8,5.0,1,novice,99,0,2021,1,AHO6WCDN57HYG5I7WVZMFUUY73YA
R0630,-0.4,1.0,4,moderate,31,3,2018,1,AGUOCSM5C4ZDSQUBC4NL5BWME7LA
R0631,1.3,5.0,11,experienced,99,0,2019,1,AGLDB37KRZTBHPJGIIDL7GOGQCVA
R0632,4.6,5.0,6,experienced,572,2,2017,1,AFRUSTVJYTOY4ZXXQJHN25W62ZTA
R0633,1.0,5.0,3,moderate,23,0,2018,1,AHS7X5EWIQDHSSQUKQNG7WCNFBIA
R0634,1.6,5.0,1,novice,65,0,2015,1,AGDIPCAUFOXYPFTIUIB674NNME3Q
R0635,-1.3,3.0,1,novice,163,0,2022,1,AGUTWATHGJX3G254X3AX7TBGSP2A
R0636,1.6,5.0,2,moderate,77,0,2017,1,AFNNBURP7XUGQ52AWGB6G33HKUGA
R0637,-0.8,1.0,1,novice,8,0,2020,0,AH3T4TV5F5NY5U24GY6WGYPMZFWA
R0640,1.8,5.0,6,experienced,61,0,2020,0,AGAKZLAKESFKDF74TTOINSKX3XUA
R0641,0.9,5.0,3,moderate,50,0,2019,1,AEZHTOGD5SDCCYXPLTRXH4NIUFHQ
R0643,3.3,5.0,2,moderate,655,0,2016,0,AEM2X7DNCBH4SCVH4ZFTSCRUEVCA
R0644,2.1,4.0,7,experienced,152,0,2020,1,AH4COCNHE3AR2MUBOBHSLHCQR2PA
R0647,2.3,5.0,3,moderate,183,0,2018,1,AGUDRBRV64NQB5NELD73JKR4BUBQ
R0648,2.0,5.0,1,novice,77,0,2021,1,AHQN5WNJY4KKAMZLZNEVK4ZQEH4A
R0649,1.7,5.0,2,moderate,161,0,2021,1,AG54Z6C6MLCE2DVIBWNO7TQA5LWQ
R0650,-0.8,3.0,1,novice,36,0,2018,1,AFOMSFXYTBSNKNPKWUTEHU3UCJVA
R0651,1.0,5.0,3,moderate,25,0,2015,0,AHC56BKSSEUEUDLA56AXYWCGA2IQ
R0654,0.8,5.0,3,moderate,40,0,2020,1,AGXILBGMEUQQO7YZZAL6DMCAEIGQ
R0655,0.1,4.0,7,experienced,127,0,2022,1,AEXB6MQ2S5JR6QG7IFFD6BFSOVDQ
R0656,0.7,5.0,1,novice,67,0,2017,1,AFHZU35E4X4HB3SVNMVXAAVDJMOA
R0657,2.4,4.0,1,novice,256,1,2016,1,AGI2P3LWRO2OUX6WTZFJZIJS3XIQ
R0658,1.7,5.0,1,novice,87,0,2019,1,AE5ZONWXK5HXKNVPYTPTBUNVJD7A
R0659,0.8,5.0,1,novice,77,0,2016,0,AHWRLMWZNGPPSESKCQ5PRROGI4JA
R0660,0.8,5.0,1,novice,33,0,2017,1,AGWSHBES37RDODV2P77GJWSGQKPQ
R0661,-0.5,3.0,1,novice,40,0,2020,1,AHGKEYTRPHHB64OJDWVQX2C5AZYA
R0663,0.8,3.0,1,novice,48,0,2020,1,AGRBAZBPDP633XAYDUUR7HZCQXIA
R0664,1.8,5.0,1,novice,64,0,2015,1,AF46EK6XB3PWAOPYD2XJKESUCGZA
R0665,2.3,5.0,1,novice,141,0,2016,1,AGIPZ2VD6C4WGJ3IK5H3EEOM7MCA
R0666,0.8,5.0,1,novice,184,0,2018,1,AHTXCSFG5X37DWGWQBZKODS2SQAQ
R0667,0.9,5.0,2,moderate,32,0,2018,1,AF3RDZAGEJAZCQZ7HI4UHFYV2TOA
R0668,0.8,5.0,1,novice,19,0,2020,1,AEAXEKKRGKACLWAUSPTW3DQFHOTQ
R0670,-0.1,3.0,12,experienced,96,0,2015,1,AHZHB6YQATAAFMFS6J2RIKMQBWOA
R0671,0.7,5.0,1,novice,39,0,2019,1,AFE4OZ56XLFTCKQ6DMUYDLTKHAUQ
R0672,1.3,5.0,1,novice,151,0,2016,1,AGW326RFXUSG35MYUYXQO7L7SM4A
R0674,1.7,5.0,1,novice,57,0,2020,1,AEX7MN6WHFOMMWRHA6QX3CBHBPRA
R0675,1.6,5.0,17,experienced,64,0,2019,1,AHGCFHKSLEYELTDV764GG5Q7A4TQ
R0676,1.7,5.0,1,novice,80,0,2020,1,AF4T4X6IY7RAU5KHQ45MBKZOTV7A
R0677,1.6,5.0,10,experienced,76,0,2016,1,AGB7G56AXJLKGRI3OPK35HFY4BIA
R0678,1.7,5.0,1,novice,59,0,2018,1,AHDVI53HRIOGZFNKSCXSRZPTKFQA
R0679,1.6,5.0,3,moderate,110,0,2019,1,AHXGEQJDZZ2CCK4TURURD746I3PA
R0680,2.7,5.0,6,experienced,240,0,2016,1,AEP25PSWWKWWQMSQHF43ET22DSYA
R0681,0.8,5.0,1,novice,17,0,2015,1,AHRJGUVLRUOALNGEAZUKZ2BHXTIQ
R0682,2.4,5.0,10,experienced,63,0,2018,1,AGXD27WIBXAQQTMNLTCJTBT7CQWA
R0683,1.6,5.0,3,moderate,342,0,2016,1,AG67LQ6O2PCTAMUFG7AWK47ZE52Q
R0684,1.0,5.0,2,moderate,43,0,2019,1,AED2NAYZWNZEGGGC4QO5VOVJEZFA
R0685,0.8,4.0,3,moderate,49,0,2015,1,AFFFN2ZJ64FM3HM4BJIA3SXLGDGA
R0686,2.5,5.0,48,expert,245,0,2018,0,AFDK2OE65BMRZEC6EAY5TOLRMIAA
R0687,-2.0,3.0,2,moderate,104,0,2020,0,AF2IPJWRQQS27DMOGC2OHEU6XHNQ
R0688,1.8,5.0,7,experienced,73,0,2017,1,AEWUDS7QQ7OYXF5OCENXRW33XILA
R0689,0.9,5.0,1,novice,50,0,2019,1,AGBQOGCL7GXAUBEOJHTKMI22FN6Q
R0691,0.7,5.0,1,novice,158,1,2022,1,AFSDIVZEDOV7U6F2VMCYVX3TBQPQ
R0693,-0.8,4.0,11,experienced,36,0,2016,1,AE7L5CRZYXCR3NFDNNS4MXJXAFKA
R0694,1.8,5.0,1,novice,115,0,2018,1,AGPIJ3V6MF35NC4LAGNXLY6SFXQQ
R0695,0.8,5.0,1,novice,62,0,2017,0,AFW4SPQBWFQZOSWURBL6J5NFNLBA
R0696,0.7,5.0,6,experienced,44,0,2016,1,AFU6F6ZPOWB6LWSJBUFACK576TMA
R0697,2.5,5.0,3,moderate,313,0,2016,1,AGMZX4WQZY7NQ6GLHCCTCAYG5RHQ
R0698,0.4,5.0,2,moderate,49,0,2018,1,AGXGTOFHH7XIBURZKWFL2I43GPKQ
R0699,2.3,5.0,5,moderate,313,0,2021,1,AGJ3MS5XY3DNA5Z6DS74PDBY3ULA
R0700,1.6,5.0,6,experienced,120,1,2020,1,AGDKJQICMWUPENKJWC6GFHJ6QY6A
R0701,2.4,5.0,2,moderate,295,0,2015,1,AGPTK27P3AOS6W4N5RYJYR67ATDQ
R0702,0.8,5.0,3,moderate,74,1,2016,1,AFIMA4LDJEENLOY7ER7NBLEWGG4A
R0703,1.5,5.0,4,moderate,171,0,2019,1,AFU2D3QBP5CLKZ6AJ6NV5MZWDZRA
R0704,1.0,4.0,3,moderate,897,4,2020,1,AEDVTV6IZZPM2FQ2COKYU5NMKMWQ
R0705,1.3,5.0,1,novice,151,0,2022,1,AH6Z4FU7QLC5GNXHGCE43W6XTJJQ
R0706,0.8,5.0,2,moderate,170,0,2021,1,AHWNJOJFHKEY5LOKDXI5BRTM3CKA
R0707,1.3,5.0,2,moderate,106,0,2016,1,AH3MGJVZ7BU73VZSI7OLOBW6KOVA
R0708,0.8,5.0,1,novice,32,0,2019,1,AGWUWMYXQLQD5Y2DVQRCWAZL4USA
R0709,0.9,5.0,6,experienced,117,0,2020,1,AFZ2AHBF3DKHFQ6XJ2SCAOQIYGPA
R0711,1.6,5.0,5,moderate,182,0,2022,1,AH5EKQ2KXNXRFU5RCCBUEBGB6PPA
R0712,1.8,5.0,4,moderate,157,0,2018,1,AER2NU5GMBP2W2ZMBVIEUW7UJVLA
R0713,2.5,5.0,1,novice,123,1,2020,1,AH6ZASRKWVTHAPSXYDP265TCIBXA
R0714,0.8,5.0,2,moderate,109,0,2018,1,AFBXTPOJSQBMY5KCSSSAYBQ6EXAA
R0715,1.7,5.0,1,novice,61,0,2018,1,AEXYPRFBIY5XM7WMBTY5BPPXEVJA
R0717,0.7,5.0,3,moderate,151,0,2017,1,AEYTZVY7YPXA5DBAPEQOKQUP2KPQ
R0718,-0.7,4.0,4,moderate,430,0,2016,1,AHM5EIGBIML23GLPVIZMNCVE3QNQ
R0719,-1.7,1.0,13,experienced,209,2,2023,1,AEGZVRWELHYZLO4HBKIASYCO7SBQ
R0720,0.4,5.0,6,experienced,51,0,2017,0,AEIJKAIEFV5QA4MST2HFMAL7SSKA
R0721,1.6,5.0,3,moderate,138,0,2013,1,AHEVVTRFO72D53AOG2IRJ3MC6QEQ
R0722,2.4,5.0,1,novice,252,0,2020,1,AHJA26YJJGQJDDAFPXAPIFQ7TBDA
R0723,1.2,5.0,2,moderate,36,0,2017,1,AFRF4DPPIDSO4QX7HIM4HXX7B4NQ
R0724,1.9,5.0,6,experienced,62,0,2016,1,AFQXZSZ6SSIUZDCC5EDKUGN3TP2A
R0725,-1.3,4.0,1,novice,87,0,2020,1,AGIYW23VR2LKUVT72T4ZXGC6EVOQ
R0726,2.4,5.0,22,expert,155,0,2015,0,AECDWCWAWNC3MO4CI4EO6PUB36YQ
R0727,1.8,5.0,13,experienced,73,0,2023,1,AGMX3KK3WJLGFJ3WF6BOULQ6SXGQ
R0731,0.4,4.0,7,experienced,72,0,2017,1,AGRYZ5TKD3TF5GVH7I7ZR55OETUA
R0732,2.3,5.0,2,moderate,264,0,2022,1,AF4JIQO4AP2BHM4QAYPOBISKS4JA
R0734,2.4,5.0,1,novice,169,0,2020,1,AEFUGV5KV4QYCY4FHDSI632WSGIQ
R0735,0.8,5.0,3,moderate,53,0,2022,1,AGC2QWS6N56FDMDKNPL5S7NJDB4A
R0736,0.8,5.0,4,moderate,58,0,2016,1,AED5N344TXPVWJ73MNQCVKCKOZPQ
R0737,0.9,5.0,1,novice,303,0,2021,1,AHSLMEJLAPA7Y5XTKDUML3RFAGHA
R0738,-0.6,3.0,4,moderate,129,0,2021,1,AGON3KUJEVZP5RIHJ4BU4V6QWUAQ
R0739,1.3,5.0,7,experienced,66,0,2018,1,AGB2G7BPYG5VJ5YQIAYOXYPRZ2BQ
R0740,0.8,5.0,1,novice,39,0,2020,1,AFXDN5RNC2UXYIMCOX3RLA6MOUQA
R0741,1.6,5.0,1,novice,64,0,2015,0,AEYA5GE2TPQOBQYQ5P4S2LWMKBRA
R0743,2.5,4.0,1,novice,174,0,2022,1,AEW6DDNJHAP2EY23SVJCAGD22VJQ
R0744,-0.9,1.0,5,moderate,351,0,2016,0,AGB2M7DAPUULOBNOTVUKLA46UFXA
R0745,1.7,5.0,7,experienced,89,0,2016,1,AFCXW2E2QFJ666OEJGELSJB6XTFA
R0746,0.9,5.0,3,moderate,62,1,2021,1,AG4EAMZL6AJJBUG245OPFPC7DZ3Q
R0747,1.7,5.0,1,novice,144,1,2019,1,AHKSQRAOQHH4E6FG5POPB5SR6JUA
R0748,1.5,5.0,6,experienced,119,0,2015,0,AG2RIAM2K6OJP6N5252ZOG3ZIU6A
R0749,0.7,5.0,1,novice,51,0,2023,1,AHZFCHUKXY75SQX6WYDMF56HSA7Q
R0752,2.4,5.0,5,moderate,67,0,2019,1,AHT7KX4O2B2BE3EVPHONYEYLJ5YA
R0753,2.2,5.0,1,novice,241,0,2020,1,AGXXAXNEEUYFC3WK5CD7Z6U4PB3A
R0754,2.4,5.0,1,novice,390,1,2016,1,AHEDHXBMZL7N5IYDLCXYFP5BJTEA
R0755,-0.9,3.0,1,novice,33,0,2022,0,AGJJBEUJ55R3UOEWUWLUIMVA2SPA
R0756,0.8,4.0,4,moderate,43,0,2016,1,AGEW7GIIOCXAM2BA3VUEK6BDYITQ
R0757,2.6,5.0,2,moderate,136,0,2020,1,AHPHZ4FSRQC6UEEIINZC5LPJVYOQ
R0758,1.6,5.0,6,experienced,505,8,2018,1,AHCYIUWAUEK3SH2WI4QTOKX2VGBA
R0759,-0.4,3.0,1,novice,33,0,2015,1,AHNAZ3J6UJOCFL3D7Q6G76USORDQ
R0760,0.4,4.0,3,moderate,109,0,2016,1,AEYTSNYVLPXFJPQXC7H5L7VFL2CQ
R0761,-0.7,4.0,5,moderate,295,0,2015,0,AENROMTF63227WVXHPIXLU3K3RKA
R0762,0.7,5.0,12,experienced,44,0,2020,1,AGMXOYFXA47OY53OAEEWCFI36WWA
R0763,1.0,5.0,3,moderate,93,0,2020,1,AHWMQ35TOOBF23LV6WMJPR4EXCJQ
R0764,1.6,5.0,7,experienced,134,0,2015,1,AEIJFO3XKBQGZ76HVD2IESEB3Q3Q
R0765,-1.1,3.0,3,moderate,157,0,2020,0,AE62OEUKL6XXEFFTWTKNXAHSNAZA
R0766,1.6,5.0,3,moderate,105,0,2015,1,AFRIYF6V3OXJYCAZ3FYX43EYS6FA
R0768,2.3,4.0,4,moderate,138,0,2020,1,AH55MIHJAPWL2LAWLTD6JJDKKNTQ
R0771,0.0,5.0,2,moderate,121,0,2020,0,AGWYQ3FDJELP2EH4SE4TUCWE256A
R0773,0.8,4.0,7,experienced,159,0,2015,1,AFV4BCH6CPCERAONPWMWIQ2GZ6ZQ
R0774,-0.5,2.0,6,experienced,144,0,2016,1,AGB2JXM5UVX4IQIS76RJIJFCFGVQ
R0775,1.6,5.0,2,moderate,302,0,2018,1,AEATPUDFCO45KPPOTGM55AVUNYSA
R0776,1.8,5.0,4,moderate,134,0,2020,1,AHUJHH22QFXDLPRAUK352AKVKGIQ
R0777,0.8,5.0,2,moderate,35,0,2021,1,AHV56ULWDUKEPBEKLVCZXRIUKGOA
R0778,2.4,5.0,3,moderate,116,0,2016,1,AE2AQG2VIKGWU6NQA5B2VVSG47YQ
R0779,-0.1,1.0,1,novice,86,1,2020,1,AH372HHMCGXRVJEWCSWOOSDOX6EA
R0781,0.1,5.0,14,experienced,97,0,2021,1,AFHVQ54523CX6UGAKO7XHVDDP36Q
R0782,-1.2,1.0,1,novice,194,3,2018,1,AEYYKB2UX6MXDBNBWYEBG7UAQD5A
R0784,0.8,4.0,5,moderate,393,1,2016,1,AFHOEGTQ27TZOYJYDEUF5U5WEOJQ
R0785,0.9,5.0,1,novice,38,0,2020,1,AGTZSTYWHJEF3YMF4HS4OV4PSYTA
R0786,0.1,4.0,1,novice,153,0,2019,1,AEPSI5TTVH7QBB6NG6MIILYXCSVQ
R0787,2.6,5.0,1,novice,483,0,2015,1,AFHJ6NZCANBA7KH2AL3AG67SVKGA
R0788,0.8,5.0,1,novice,38,0,2021,1,AEOTO233Z4VQEW7MIGWEBAGDUM3Q
R0789,2.6,5.0,5,moderate,167,1,2021,1,AFCJO46UBPYKTNBOOFQHWZBSN2GQ
R0791,1.8,5.0,2,moderate,141,0,2015,0,AGYJPHKYXDALVJNTNQUXX3VM4TMQ
R0792,-0.9,1.0,7,experienced,125,0,2021,1,AHCR2GYGWKIVA5H7DRNNIAZ7Y3RQ
R0793,0.7,5.0,3,moderate,50,1,2020,1,AHUNAGEY3HLH53N5FFPULQRO2FRQ
R0794,2.4,5.0,2,moderate,410,0,2018,1,AG46CGAX2U7BDDH4HNQ4HJFL7ZGA
R0795,0.8,5.0,4,moderate,92,0,2017,1,AFJ5DMPDONYDIWVU5OCZEJW26HWA
R0796,0.7,5.0,1,novice,30,1,2020,1,AHUECTCTOHMUE7PAACYYUMFYTHZQ
R0797,-0.2,5.0,1,novice,93,0,2021,1,AHFFEMZGKURPWJDF6WCFMC2HVK7A
R0798,0.8,5.0,6,experienced,120,0,2019,1,AECEWARW5HUXGWT3K5W6FFMBWSXQ
R0799,2.4,5.0,2,moderate,371,0,2020,1,AH2MD4K6PSVMTTFGN35KSBFHZG6A
R0800,0.4,5.0,3,moderate,61,0,2016,1,AGK5HYMWOJPARZ52EWTLEEISDR3Q
R0801,0.8,5.0,9,experienced,26,0,2018,1,AGUTUZPNIBOSQLFJEHNYCZ6LO7CA
R0802,-0.4,5.0,1,novice,38,2,2022,1,AG42NTIKKUGFJIAOBT3O6C7S3ZVA
R0803,1.7,5.0,5,moderate,76,0,2015,0,AEGQTI6QB3KYPOXYMGITJTU3KCDA
R0804,2.3,5.0,1,novice,291,0,2020,1,AFGEW6GUOGRPB2FD7RPVSOHIJKQQ
R0805,1.2,3.0,1,novice,213,0,2018,1,AEVIEHHNCCPKSDGT6C5FJKKGI2PA
R0806,1.8,5.0,1,novice,105,0,2020,1,AELRUUJ3HJW4FJETAVYFIXEUF2IA
R0808,1.8,5.0,4,moderate,65,0,2021,1,AFDAGNAY36K423YQGE6ZXXUZHWHQ
R0809,0.8,5.0,3,moderate,77,0,2016,1,AEE2WHJ36KCMPG4RUSHIOAKNPLPQ
R0810,0.3,4.0,7,experienced,69,0,2016,1,AHCV65KOPDKR43THE2AJRKR4EHOA
R0811,0.9,5.0,7,experienced,69,0,2018,1,AFR4ZJYQVTNCZ5BTU5ETQ57O64JA
R0812,1.7,5.0,1,novice,93,0,2019,1,AFA6GY64GZ7XGN7DTZHACDITJOGQ
R0813,0.9,5.0,12,experienced,30,0,2016,1,AF65TNQYXH7DAG3G6ORH5SPQDFKA
R0814,1.4,5.0,2,moderate,539,0,2018,1,AGQJQUJ6M655QQIKOTA7T2HHEH7Q
R0815,1.6,5.0,1,novice,108,0,2021,1,AGFDS3RZDUFDVITKS24A4CLATEXA
R0816,0.9,5.0,9,experienced,431,1,2018,1,AFZZOPDLUTQWC5WROWBALOTHGDVA
R0817,1.0,5.0,4,moderate,43,0,2019,1,AHXIJGXECNM2H6TOO2LW2ZQDMBTA
R0818,-0.8,2.0,4,moderate,147,0,2022,1,AFWMVG7NWI4MT7KGE2GJFMQ54HFQ
R0819,2.6,5.0,1,novice,136,0,2021,1,AFXAVBELNSHBJUAKLA6NUDPLW3ZQ
R0820,1.0,5.0,4,moderate,29,0,2016,1,AHOCO4CMIUS3QNWI4PVLH2KKTQDA
R0821,2.4,5.0,5,moderate,80,0,2023,1,AHCBHHLL6OPT655WBC36IMZV5VPQ
R0823,1.8,5.0,7,experienced,60,0,2021,1,AEPJFTYDV2DFVTVJ2IE7ALYTM7DQ
R0824,-0.7,2.0,3,moderate,230,0,2016,1,AFXE75TSEXJTDV2E6E26HB2D46SA
R0825,0.8,5.0,5,moderate,46,0,2018,1,AEOJKUN2ZELQI7V4POMPDJET2MYA
R0826,0.8,4.0,4,moderate,518,0,2020,1,AEAHZUZIVI32BAKOM245G4Y7MPZA
R0828,-1.8,3.0,1,novice,520,6,2020,1,AH44ABN3OWNJIXTR5B7S5NJ6WZAA
R0829,1.0,5.0,1,novice,27,0,2017,1,AE4KGDEXG43CI4Y5RQXQATHTPONA
R0830,1.7,5.0,1,novice,145,0,2020,1,AFP3XPOS5Y7CT6EGGEX2CLVELK4Q
R0831,2.6,5.0,1,novice,100,2,2022,1,AG7FK6LJUGMF34NKB45D73QYBVFA
R0832,0.4,1.0,2,moderate,54,0,2015,1,AEF6UUAHGGZ7NV7OBIYBQPWGTJ5A
R0833,2.3,5.0,10,experienced,228,0,2018,1,AEC5UHSQFMZLUAIFNGQVSVOHQQEQ
R0834,2.4,5.0,10,experienced,199,0,2016,1,AGADYOLZZJ2EYOHSNJWYD4JL6UFQ
R0835,0.8,5.0,1,novice,57,0,2021,1,AE6NPK4OOQ4N4AH54T6IIYBCV3SA
R0836,0.8,5.0,1,novice,49,0,2017,1,AGWX7ZZWNBFZ4EMMLUGKLXDETACQ
R0837,-0.4,2.0,2,moderate,62,0,2017,1,AHOVKT2WXI6UBUXGNKMSJ5MDJBAA
R0838,-2.2,2.0,16,experienced,284,1,2022,1,AGHGT6MH6JN7KCLCNGDDBIH64Q6Q
R0839,0.9,5.0,4,moderate,39,0,2018,1,AF43VLUNCMVR4GHU3MUK7GTZPVUA
R0840,1.9,5.0,2,moderate,125,0,2021,1,AG5GN6QPQMXPXAVC6VC5W6UJU7MA
R0841,1.1,4.0,3,moderate,210,0,2016,1,AEIIXM3LB5OIOFFW3SLRC7D5BP2A
R0842,0.7,4.0,45,expert,74,0,2018,1,AGJ6JBOYBLMCXG3AWC3EX3REAOYA
R0843,0.8,5.0,4,moderate,40,0,2020,0,AE7Y2YRKO2HZPSRGXK6KQVAAQFGA
R0844,0.8,5.0,1,novice,176,0,2018,1,AEJ7ZNYJC2ZCDDO5EWYHT5AJI5XA
R0845,2.3,5.0,1,novice,159,0,2022,1,AE5AQC5PXWPEK7MJAMI6WEUGHANQ
R0846,1.4,3.0,1,novice,85,0,2016,1,AHPUOVZFDYV6SLK3UMXJPZWEG4NA
R0847,2.3,5.0,1,novice,177,0,2022,0,AFLJKVROKEPRGEGRWUXKIFCBM64A
R0848,-0.5,2.0,9,experienced,68,0,2018,0,AEPCV33YQARKHHPOLUN6NCULRIZA
R0849,2.4,5.0,1,novice,120,0,2017,1,AHSDDN5SV3PUXSI6BM5HEHLK72TA
R0850,0.9,5.0,1,novice,122,1,2020,1,AEDSLVWBEQ7GDGGISVMVMM3ISBKQ
R0851,0.9,5.0,1,novice,50,1,2020,1,AHE4HQOD5MEFN6EOORBWXJ27R53Q
R0853,-0.2,4.0,3,moderate,639,9,2015,1,AFJMGDPRCYIICPVM63BHCLJSE7KA
R0854,2.6,5.0,6,experienced,262,0,2020,0,AGQCYOCQBP6PM5ERMMQK4WTMSFNQ
R0855,1.6,5.0,2,moderate,113,0,2023,1,AGRWD2KNTLDHOLFUKZMNDJ6ODE5Q
R0856,-0.4,2.0,1,novice,208,0,2016,1,AGPHZA2KEJ3TORNMSRAGZHDSI6ZQ
R0858,0.4,3.0,5,moderate,83,0,2015,1,AHOQYO2PWYYAUDEAZGMWZOQUYBJQ
R0859,1.7,5.0,1,novice,62,0,2018,1,AELRLM4DUHAIYZVG5VZRBPDMBFEA
R0860,-2.7,1.0,1,novice,148,3,2016,1,AFD5ERQ3FHS6COSBOHEHGPARCDWA
R0862,0.9,5.0,2,moderate,34,0,2015,1,AHYWBP2ZI2M5L2CZBAE7C5HW5EGQ
R0863,2.5,5.0,22,expert,129,19,2015,1,AHAXEQUHY7W4JYASO63UI4ADAPWQ
R0864,-1.7,3.0,1,novice,111,0,2022,1,AFEJ5FGPH3UYQELRMHQDOXIY5XTA
R0867,-0.9,2.0,10,experienced,47,0,2015,1,AF75TTKMD7WBT2X7SUWB4GLHISOQ
R0868,0.8,3.0,5,moderate,239,0,2016,1,AHMDW3UAE6B27HG7J2ZFVLTOUGWA
R0869,0.8,5.0,3,moderate,24,0,2016,1,AH3YPURIEX4FNXXHGQJETRGVZFNQ
R0870,1.7,5.0,1,novice,112,0,2021,0,AHPESJH7Z2Q7CIA4AS3XXAU3CE6A
R0872,-1.6,1.0,1,novice,77,0,2018,1,AGUXKX2S2U7K4JJ7CLFFCUTFAMFA
R0875,-1.7,1.0,1,novice,252,3,2015,1,AEBYNYS7QRIZBQHDDANDCP2EBLUA
R0876,0.9,5.0,3,moderate,393,0,2019,1,AESGO5DTE4UA54G5ME7HSYGWGTAQ
R0877,0.0,2.0,1,novice,72,0,2017,1,AGRKC3EFW7PWQLDQFNZNLEUKTPSA
R0878,2.4,5.0,3,moderate,82,0,2020,1,AHKCCCCMXBBXGS2E3V4SKR5SBVIQ
R0879,1.6,5.0,1,novice,134,0,2016,0,AFDM7SU5KNBRFSS2SLOUMILNOHZA
R0880,-1.8,1.0,1,novice,294,3,2019,1,AEWLQIKRQUQ5XFCRFEHGZ4GCF4CA
R0881,1.6,5.0,23,expert,56,0,2016,1,AEHC4BFXWQ3NHJZPBONN7DNWHDSA
R0882,1.3,5.0,5,moderate,451,0,2021,1,AEN7S54AJAI4CD5ALHL7OJTAIAQA
R0884,1.6,5.0,1,novice,104,0,2021,1,AHJ2QQAEKCJTIJRW26ORGHJMOFEQ
R0885,1.0,5.0,3,moderate,30,0,2020,1,AHZRSSDXLSMA27IEMZATPSAY5TCA
R0886,0.0,2.0,4,moderate,223,0,2020,1,AEM3JWEDRG2ZJ3HB4BECWT2R7P7A
R0887,0.8,5.0,19,experienced,73,0,2021,1,AGPJTHKCRRUKOVJM2Z7FGEAZBJZA
R0888,1.7,5.0,1,novice,85,0,2022,1,AHLC4XNN5ESG3ZQXBZTO5IWWHHHQ
R0890,2.6,5.0,2,moderate,104,0,2019,1,AFGTTEHLV73KU2ZAOHZXB7JRFNYQ
R0891,0.7,5.0,3,moderate,22,0,2018,1,AE3YB7YQKUIDDOC52J2DKCKFWVUA
R0892,-0.4,3.0,1,novice,18,0,2019,1,AFA4QCQ3OX4KKYYJSI5NCOLRIYQA
R0893,0.8,5.0,1,novice,43,0,2021,1,AHXKS4GGT6ZOPUZTEL7PJYICZV3A
R0894,1.6,5.0,1,novice,367,0,2021,1,AFBNNWQDDK2TFRVHKEXMVMBWTDOQ
R0895,0.4,5.0,3,moderate,65,0,2016,1,AE47ZGXXUULJQRXGR4DM2UXKFMKQ
R0896,0.8,5.0,3,moderate,60,0,2016,0,AGP5Z3PG4Q6XOP7WRDDQQGSOB3UQ
R0897,2.8,5.0,5,moderate,218,0,2022,1,AGBMHEPI3FE5ZWRK6WM7T6GAHIWQ
R0898,-2.3,1.0,2,moderate,199,3,2021,1,AHHC5WERXHVJWFOXUMXPPUEIBM7A
R0899,1.4,5.0,1,novice,493,0,2021,1,AHQWGZIONGW4JXGT4WS5NOZG6UBA
R0900,1.5,5.0,2,moderate,82,0,2019,1,AEW7F2NHQ3I2RUONG4IAMKR4QROQ
R0901,-1.7,2.0,4,moderate,182,0,2016,1,AF5ILI5K3KGHYYRUAWT4FFSNXHRA
R0902,0.4,3.0,2,moderate,77,0,2017,1,AE46IEWN5OV4G5LN7MBZJA5ZH5UQ
R0903,-0.8,1.0,1,novice,84,0,2016,0,AG6VCAPCNMYZQHAKFH4YOABCZSKA
R0905,1.7,5.0,2,moderate,62,0,2021,1,AG3MTTEJPHY3L2LMRLU5IV7KC2LA
R0906,0.7,5.0,2,moderate,72,0,2020,1,AEMJQSCYL46E6UDUCAERJP4SKULQ
R0907,2.4,5.0,1,novice,145,0,2021,1,AFIUVWOES3XCGHCDS4VT7PRCHNFQ
R0908,2.7,5.0,9,experienced,209,0,2015,1,AEQJNSTIN6OL2GO27XG7O45TN2LQ
R0909,1.7,4.0,42,expert,696,16,2018,1,AGWUQQUCUYWSG7WLH34P7XKGIDCQ
R0910,1.6,5.0,1,novice,1000,0,2016,0,AELTK6H6BWSHVHRTJ45YFMWMN4FA
R0911,0.8,5.0,1,novice,88,0,2021,1,AERBSDZK76GRL3PY7OBYO72EKR3A
R0912,1.0,5.0,1,novice,27,0,2017,1,AEMZVDLWAQRUF3GNI2UXLN5O6SWQ
R0913,0.8,5.0,1,novice,31,0,2020,1,AGW36KMMKXWFJJAUW5YY2TI6TS3A
R0914,-2.3,1.0,1,novice,143,0,2022,1,AGHLIQEDBKQQJUVE7RCB5TBVUY2Q
R0915,0.9,4.0,10,experienced,237,0,2015,1,AEELMEGX4XBETH4TF5X2AYZTDLLA
R0916,1.4,5.0,3,moderate,190,0,2020,1,AG4PFLRP2NCC6A73YVYZIPI3SNQA
R0917,-0.5,3.0,1,novice,115,0,2022,1,AFEKFUOC6GVGGPTVITIVDS3UN4YQ
R0919,-0.8,3.0,9,experienced,28,0,2017,1,AG3YEFX4MSN2JFQSQ5IVOZJEB2ZA
R0920,2.7,5.0,1,novice,183,0,2021,1,AEQPYC2BVIDH5DKDQ6OVT4QO4WTA
R0921,-0.9,2.0,1,novice,145,0,2020,1,AGLF4ZBPDOV327VNPIJJP2HB7I7Q
R0923,0.8,5.0,2,moderate,124,0,2018,0,AGVXYLYQDKO4JEBUXE6HDHLW3AWA
R0925,1.1,4.0,36,expert,140,0,2018,1,AFJZGFSXXFR2ERZ7UPBNFUTPK2XA
R0927,4.1,5.0,4,moderate,1127,4,2015,1,AEZUKNW37V6RRGGCZKEUPDZQWR7A
R0928,0.2,4.0,2,moderate,199,0,2015,1,AEO5F6JCZC65UMOIXXFJHABD6XYQ
R0929,-0.9,2.0,1,novice,65,0,2018,1,AG4DS6TOOYRQINIP7X37HG5WWVXA
R0930,1.8,5.0,11,experienced,113,0,2015,1,AGBJSHPYC27S2Z3ZHQ4ZIQGEBM2A
R0931,2.0,5.0,1,novice,80,0,2019,1,AGCBD3654YKQSFXBXPT4YHQ7D43A
R0933,1.6,5.0,4,moderate,92,0,2015,1,AGNEGZSQ3CTDCUXUO5HSFJ343HUA
R0934,0.7,4.0,11,experienced,36,0,2015,1,AGYKAPDJ2TWJQUCTYDV5POTZCRWA
R0935,0.7,5.0,1,novice,24,0,2019,1,AG4ORNVUQ2D7IIREZPVZ5HFVXCOQ
R0936,1.8,5.0,2,moderate,189,0,2021,1,AHHZ7P7GRANMD6USWP5VG55CSMYA
R0937,2.7,5.0,16,experienced,138,0,2018,1,AHTNS3E4DWCRUPRJ345DPZWAI6WQ
R0938,0.7,4.0,1,novice,53,0,2019,1,AE2W3TPGLQH6LM6AJD7CPJBTR7JQ
R0940,-0.8,1.0,1,novice,278,0,2019,1,AEJCNANAP2NMPHW7ZLHLQ7FC5WPA
R0941,1.0,5.0,2,moderate,56,0,2021,1,AHC3A55LVPFW47MTM6LJWVXPV7GQ
R0942,1.6,5.0,10,experienced,59,0,2020,1,AESZYHWM56IMEESZVUSYQHF7JZQA
R0943,1.6,5.0,14,experienced,57,0,2022,1,AG7VLRKSW2XDJCFHVP6YBHQY6BKA
R0944,0.7,5.0,4,moderate,38,0,2017,1,AGFIOL2TIRULUVTAFKP5UKOOCU4A
R0945,1.8,5.0,4,moderate,187,0,2019,0,AGB5KSW42TYESQNSTP3FLDPUOQDA
R0946,1.0,5.0,5,moderate,36,0,2018,1,AFGWDHMDGIUVQ5T3ZHYFLVEWCJCA
R0947,1.3,5.0,26,expert,171,0,2017,1,AFRNJ3JDWBHXV3N5BXUPT2CL2DXA
R0949,2.3,5.0,2,moderate,183,0,2018,1,AGR6QQT52S6CSACXYNID5HKJMZOQ
R0950,1.6,5.0,4,moderate,106,0,2018,1,AFGLPXPCJ6T5WG5QVZJRZSLUCBPA
R0951,-2.5,1.0,4,moderate,129,2,2020,1,AE2QRLBXOKRRI2QXDUS7XQSOBN3Q
R0952,-0.4,3.0,1,novice,70,0,2015,1,AFIGECFOGVJE5P4HQ4XD66BUCBQQ
R0953,2.4,5.0,5,moderate,64,0,2015,1,AGV3QI62L2XDUHEAVJLUK2OL3FEQ
R0954,1.7,5.0,6,experienced,125,0,2019,1,AFWF4OKGFJDQZLGY44VXHEEUZENQ
R0955,0.8,5.0,2,moderate,54,0,2015,1,AHILP6PVBWU5L7NKD4VHV2VWKYJQ
R0956,0.9,5.0,5,moderate,64,0,2016,1,AGL7IXFYZBFCBE6BLHVYGVXTE5IA
R0957,1.0,5.0,2,moderate,316,0,2020,1,AFT6CX5CZ6ET5O4JLTPJPP4WHEIA
R0958,2.6,5.0,3,moderate,194,0,2017,0,AFVKL2S7JSTLFDWKHV5CNE5ABUDA
R0959,-0.7,3.0,1,novice,143,0,2016,1,AE2MPXJNG2MGKZQELKMYKY4XGQGQ
R0960,-0.8,4.0,1,novice,50,0,2015,1,AGIALRZRH6COIS5ZG4646F3QESEA
R0961,2.3,5.0,11,experienced,97,0,2015,1,AEMQ7JHYKEP26PCRW6WUL5RNZ3KQ
R0962,2.8,5.0,6,experienced,194,0,2020,1,AGOX6FT4J3D5AHZCKAB2M2QPUJ2A
R0964,0.4,4.0,1,novice,42,0,2016,1,AFSIE3FD5R3J7P35BCHLHAFX3XEQ
R0965,2.4,4.0,5,moderate,349,0,2021,1,AHOWBSK55HWOWTSJIS7BXPJ37MLQ
R0966,2.4,5.0,1,novice,144,0,2019,1,AHKWRIOSPYEJUK4BQHP5RAJ4UFHQ
R0968,3.1,5.0,8,experienced,109,0,2020,1,AGUOIEL4SLMEDI5G2YQBVXL6FKMA
R0970,2.6,5.0,9,experienced,117,0,2015,1,AESZOEBTHM4GY2B2JSK6Y3ZC7NLQ
R0971,2.5,4.0,30,expert,104,0,2015,1,AEL6BBHSHKNKDYHKC3LVXZF4IM2Q
R0972,1.8,4.0,5,moderate,162,0,2019,1,AGEU5DKGGUO7LSJCTYXYJKX5NRIA
R0973,0.8,5.0,2,moderate,92,0,2021,1,AGIHWSXJN4DZBY3RKNRMCPLNZAKA
R0974,-0.9,3.0,1,novice,163,0,2016,1,AH34YZMRFUFC4BAPZHGKNKRD7KOA
R0976,2.2,5.0,6,experienced,309,2,2022,1,AF23XXEZSEG3VEO2HHYP4JDSJSOA
R0977,2.4,5.0,17,experienced,135,0,2019,1,AFTB7LGB3RHAGCP4NUWXDWCT2OCQ
R0978,0.8,5.0,11,experienced,451,0,2018,1,AHWVPWDZTVKL4BEG6PVX7VYIBF7Q
R0979,1.0,5.0,3,moderate,38,0,2015,1,AFPL2FFMPR3Q5PCNXRGH4IQGA3PQ
R0980,2.2,5.0,6,experienced,936,0,2017,0,AFFOEG65NHSTLJGKNL6KYWMJSLLA
R0981,0.8,5.0,3,moderate,56,0,2015,1,AFDK2WXYVDT7X7JQ6DESILBDPXPQ
R0982,0.4,5.0,1,novice,70,0,2020,1,AGXIZA6MKZK27Z2HQ4KZZCRBAIQA
R0983,-0.8,2.0,1,novice,203,0,2017,1,AHJ7MAX7GAZRSCJPN5PMYGQSPIVA
R0984,0.4,5.0,1,novice,80,0,2016,1,AFLUSUDSEXW4EULPX7BZHH342IDQ
R0985,0.7,5.0,2,moderate,72,0,2015,1,AGVM7U56HC4ZTU4XFNEXNXSSBZ3Q
R0986,0.4,5.0,2,moderate,72,0,2015,1,AGVM7U56HC4ZTU4XFNEXNXSSBZ3Q
R0988,-1.6,1.0,2,moderate,45,0,2017,1,AG5TOD5FQS5ITNBFQ5TJOZFBAH4A
R0989,1.5,4.0,7,experienced,183,0,2018,1,AHVD2GYT64AOMFSIMS6LZHJHON6Q
R0991,0.8,5.0,10,experienced,61,0,2015,1,AHY2AL3YNQ52XJSGE4KI6AFS7K6A
R0992,0.0,3.0,1,novice,64,0,2017,1,AHAYEFKECPNT4OLQO5R2LLDYNCYA
R0993,0.0,4.0,1,novice,121,0,2023,1,AGPKGMGEV5EJ2Q4ZGIV4AGHN2ZVQ
R0994,1.8,5.0,6,experienced,85,0,2022,1,AE7YOOBUTCUPOXQLG4BR5AKALUQA
R0995,2.4,5.0,8,experienced,435,1,2016,1,AF57TZPRU5GUSJSEW5PRAXUZP55Q
R0996,0.8,5.0,1,novice,38,0,2019,1,AFWHFATNCEMNSR3LZXDMZTHALUQQ
R0997,-0.7,3.0,1,novice,262,0,2015,1,AEY4Z6M4HUHMVNR6H67T6RSIDQWQ
R0998,1.0,4.0,1,novice,50,0,2022,1,AGZAGYXSYWWOPOQ2TKECXM7NY67Q
R0999,0.4,4.0,8,experienced,54,0,2020,1,AHV4BVDHBJMDG2N3JW3I67HG3MJQ
R1000,0.0,3.0,14,experienced,83,0,2017,1,AHUMVXVN4XM6K3NJEGPA6SQIMPDA
R1001,2.5,5.0,2,moderate,191,0,2020,1,AH7XSLR2NQK73CKPXGABZ6CJ6PIQ
R1002,-0.5,4.0,3,moderate,29,0,2017,0,AG6UCOVVQQ3ZGD3VK4QHXOTRBX7Q
R1004,2.5,5.0,4,moderate,102,0,2020,1,AF2NX76RSTCLPQUQGHZLX2XTMMFQ
R1005,0.8,5.0,1,novice,63,0,2019,1,AHG63Q33R2GK44IUPZBABC2LLWDA
R1006,0.9,5.0,2,moderate,24,0,2019,1,AGRMCNUQYKUXX7SPPCDOWUJX4ZFQ
R1007,1.9,5.0,2,moderate,204,0,2018,1,AGHCZTBPQ6EGZ3A5J7DV6LB7VT7Q
R1008,0.8,5.0,1,novice,53,0,2018,1,AHXG72YL2LSGQXFT36U2SLW2VDPQ
R1009,1.9,5.0,6,experienced,79,0,2016,1,AFFTBGEDNO32G35AAEVMQEGBVARQ
R1010,1.6,5.0,6,experienced,144,0,2022,1,AFC6F6VKOJM2FD2GPHTPU53DFGGA
R1011,1.0,5.0,1,novice,34,0,2016,1,AEQXXN23UX7OEFL3TLIKRJAZZT5Q
R1012,0.8,5.0,5,moderate,46,0,2021,0,AG2XTOZU5GVUWWDJCHKBFMQKD4WA
R1013,1.6,5.0,22,expert,328,0,2022,0,AESRNUDMMK6KADNQCF4KND6HEUPA
R1014,1.6,5.0,1,novice,111,0,2019,1,AEV7EN3VOYRUWSB3MDXBX4CSAGVA
R1015,0.8,5.0,9,experienced,70,0,2019,1,AELJGAQ7K6GKOHRHIK6E2ANFWOMA
R1016,2.7,5.0,2,moderate,155,0,2015,1,AHWZLQAEUE3G45EISJECE7ZHEUCQ
R1017,0.8,5.0,6,experienced,60,0,2018,1,AGZNSYBHH43EH4AZJ4QHU5XGPWWA
R1019,0.8,5.0,5,moderate,218,0,2017,1,AG37EWNTEMSUTILB3NCT7IECNC3Q
R1020,1.0,5.0,3,moderate,98,0,2018,1,AGN4RMP5XJZHYBISPHVK7XEEOELA
R1021,2.4,5.0,3,moderate,121,1,2020,1,AH2E4GH7A33KA6P6NRTLN2N4V2JA
R1023,0.8,5.0,2,moderate,30,0,2019,1,AFI2UUFDTSMZI5A26JTQY7JSURHA
R1025,0.8,5.0,3,moderate,67,0,2020,1,AFTXLXZM5LF3VAWADAFMLKN4RFWA
R1026,1.9,5.0,2,moderate,97,1,2020,1,AE5LZ254HJPN7FMPXBOPZEF5CA4Q
R1027,-1.0,3.0,3,moderate,124,0,2019,1,AE3GVTRJXS5JQWHCTOOSD7HARQQA
R1028,1.6,5.0,3,moderate,98,1,2020,1,AFYXSWT6DHNFMINSBI5MGSLR4ABA
R1029,2.7,5.0,1,novice,362,0,2021,0,AE7CXPACKPDELFWM5ADZEVIYOANA
R1030,0.9,5.0,2,moderate,207,0,2020,1,AG5HEBBLX5V6KLBHDANQUU5VJAIA
R1031,0.0,4.0,3,moderate,78,0,2015,1,AH6GTPVTFZKX2JS7P2ZW3I3CVRHQ
R1032,2.7,5.0,5,moderate,174,0,2020,1,AGED4T5YLQLGFPI56KECR3HIHX5Q
R1033,1.6,5.0,1,novice,209,0,2017,1,AG34MUM4FHTHFJ7LZNUAZUSTWQQQ
R1035,0.9,4.0,3,moderate,35,0,2016,1,AGC5ZAPII5LN2YRHVAOARWY7F4TQ
R1036,-1.1,3.0,1,novice,141,1,2017,1,AHW7QEYHPXJTO4X5A6WXFI5AUR4A
R1037,0.8,3.0,2,moderate,201,0,2019,1,AGZGR2SQYTULZV4WIWZZDBZ3LTJA
R1039,0.7,5.0,42,expert,23,0,2016,1,AHXEFEX357FTFNSX4FZXPUADCOIQ
R1040,0.8,5.0,10,experienced,16,0,2017,1,AHZKDU67XQ6TBVGAGYN42UP6RP3Q
R1041,1.7,5.0,1,novice,120,0,2019,1,AEHVMRCDU74NRJMWG2XMJGCKZ3IA
R1042,-0.2,3.0,2,moderate,89,0,2021,0,AEMGBKE7XZUKTA2LNB33E2KLXTKQ
R1044,0.8,5.0,2,moderate,71,0,2022,1,AHTCT7PVPAGNZ5MFE2L36VY3AOZQ
R1045,1.7,4.0,1,novice,135,0,2020,0,AE2PPKPF3ESXR2I63TYLQLVQMELA
R1046,2.6,4.0,1,novice,253,0,2016,0,AEEJJWW26Y4EXGS6E6J2MIC7ZWWA
R1048,4.0,5.0,7,experienced,760,3,2023,1,AEPS6F5NZ6PITJVSSG7VEWXGB5PA
R1049,2.6,5.0,24,expert,241,1,2020,1,AHRCVUCHJUKOZKMQ7I4YMXT7CUVA
R1050,0.8,5.0,1,novice,45,0,2020,1,AEP65XLASTIMH5JNPUJTBVSRLU2Q
R1051,0.8,5.0,4,moderate,74,0,2022,1,AGDCBWXBNI3IFHG5F3OINUQ6WQ2A
R1052,-0.4,4.0,1,novice,135,0,2016,0,AF7VZSKOWDAJV3UFWIL343QZLVRQ
R1053,2.7,5.0,4,moderate,72,0,2017,1,AGCISS3SNT2VGH5AM3AJRXIWMVTQ
R1055,0.8,5.0,1,novice,26,0,2019,1,AEC32DDXVISIGNMAYAJDPNZBTADA
R1056,1.2,5.0,2,moderate,186,1,2017,1,AFMNFDLQ5ZYLV5MWYUWDRHBA42ZA
R1057,1.9,5.0,1,novice,127,0,2015,0,AEQT5AS6HDCIV4WLJGAS4O22XJ2Q
R1059,0.8,5.0,1,novice,62,0,2020,1,AEKH53TJNIFKMF7FGMERJZFJMOBQ
R1061,-0.8,1.0,2,moderate,68,0,2020,1,AE7XHUJWS3GZ5VCUBVRNDFFTDZIA
R1063,0.8,5.0,1,novice,79,0,2023,1,AHBHXAVOGFZVNSYWRMBJKXM35N6A
R1064,0.9,5.0,4,moderate,47,0,2020,0,AHW56E3C653XZNPAR2BQVTPMH6SA
R1065,2.0,5.0,1,novice,218,0,2020,1,AGTINHGGD5AB6YUQ5YJBA3MZ7QPA
R1066,1.0,5.0,1,novice,101,0,2015,1,AEZ57UHHJMD6UJC6DVPSNM27Z5AA
R1067,1.7,5.0,4,moderate,114,0,2020,1,AHPARUVHVAXO7NCOJQMTCO46W6QA
R1068,1.5,5.0,12,experienced,128,0,2020,1,AH5D7YKSHN6S5G5JQV3TMCLBNNDQ
R1069,2.8,5.0,4,moderate,143,1,2020,1,AEYXWZZ6SP7I7UET3EOROV4UW5JQ
R1071,1.7,5.0,3,moderate,92,0,2023,1,AFSFAIPWUD4EIK3XTR2OTARCCKTA
R1072,-0.8,1.0,1,novice,126,0,2018,0,AGUH2Y4FIIUHOAMK7R7ET22EEYLQ
R1073,2.3,4.0,1,novice,251,0,2020,1,AFTUP75SHFVN3COBD4X3KPBTIQGQ
R1074,-0.8,4.0,1,novice,58,0,2020,1,AHY4MXKYQET4SVCVUOSOO5NSSGFQ
R1075,2.5,5.0,3,moderate,60,0,2019,1,AFNBOGWY5RGNMVY4W2SL2HCDRF6A
R1076,0.8,5.0,1,novice,39,0,2022,1,AGOI2QCGYEWWRAG5TKOZEMJA3UJA
R1077,1.8,5.0,2,moderate,179,0,2022,1,AHXMUJXNDM7VL7N5PMJUFE7242AA
R1078,2.0,5.0,2,moderate,55,0,2016,1,AEODBM3SERSMCYQT2G2H2BKFE3FA
R1079,0.8,5.0,3,moderate,50,0,2017,1,AFSSTC73WRZ4RRDCHPXL4Q7GEXIQ
R1080,2.5,5.0,2,moderate,165,0,2022,1,AFTM6JNBKPQQJJAZPL4VLEIFRLPQ
R1081,-1.5,1.0,4,moderate,161,2,2019,1,AFXIYH3YN6RNBO6S7XWUU3EIDSUA
R1082,1.7,5.0,8,experienced,68,0,2018,1,AFAOFA2ORSULZHZ2XNEXT6PFPXUQ
R1083,2.4,5.0,3,moderate,250,0,2019,1,AHVQT4FPXDLHJUKWXEYKQVH5YK6Q
R1084,2.6,5.0,4,moderate,298,0,2021,1,AE2ZZRHTS7IUKNJJSNEQZEYIQVYA
R1085,1.6,5.0,1,novice,85,0,2017,1,AEJX5PO3EVYALEBZMHRGGMQCKVCQ
R1086,1.8,5.0,3,moderate,147,0,2019,1,AGGCVKWR7LGX4X74B23RLNSNO66Q
R1087,0.8,5.0,2,moderate,24,0,2017,1,AGPLY2Y5A2R4XTT3HB4WTSFUNGMQ
R1088,0.9,5.0,8,experienced,18,0,2015,1,AFQA5E7TRH4P3ILGX4Y3T55PFQBA
R1090,0.8,5.0,7,experienced,42,0,2016,0,AEBOZMMEIYVVS6XCAWNPXZMYLDLA
R1091,0.9,5.0,1,novice,46,0,2021,1,AFKECCP3NMF74UPZYX3RM6VXIQGA
R1093,1.5,5.0,3,moderate,85,0,2020,1,AHUCJCD2UVOYLWVSWYTWGP4INE5A
R1094,-0.4,4.0,81,expert,67,0,2022,1,AG3I5DKR7Q4PF2HBQS3UGQBOJSWQ
R1095,1.9,5.0,3,moderate,70,0,2016,1,AGK4RI5IN7WGCEXOETDRGMMXREZA
R1096,1.4,5.0,2,moderate,99,0,2021,1,AHTA5TN3J3UWBNG4OVHDJX7GYTIQ
R1097,1.7,5.0,1,novice,57,0,2018,1,AHYBYF3VXO4UX3NY2SH3IGLNHSYQ
R1098,-1.8,1.0,7,experienced,118,0,2022,1,AEHYY5GLIUOGN6JOLXJX73EGRHFA
R1099,2.5,5.0,33,expert,235,0,2021,1,AGQJYGB5OTNX767J35JJFANAXZXA
R1100,1.6,5.0,3,moderate,197,0,2014,1,AEFCX2RRLZ5KCMUTVBTMG3IYAWZA
R1101,0.8,4.0,88,expert,47,0,2015,1,AHWTTERG65TT6ZY57WJK55WXGE4Q
R1103,3.3,5.0,3,moderate,199,0,2014,1,AE6JHPVN6WP3H2WVOSWZ3HYN7NXQ
R1104,3.6,5.0,17,experienced,294,0,2013,1,AHX2LSNFPNHLHQJUTCSKHLCSQRYA
R1105,-2.5,3.0,1,novice,240,1,2014,1,AFERISSLO3HF5NAXVN2IC5XIB6DQ
R1106,1.6,5.0,3,moderate,154,0,2014,1,AERCGGCWQBOON54IAFZMAJEQSXKA
R1107,1.4,4.0,5,moderate,121,0,2015,1,AHEDYEU4QLPQGEYWQ4T7Y2ITUMXA
R1108,1.6,5.0,13,experienced,86,0,2014,1,AE62DB3UZQE2XRGZCXEBFHBLCEYA
R1109,0.8,5.0,7,experienced,78,0,2014,1,AHX7BNRXL2RZ5QMNXS6ZXINVPYNQ
R1111,0.4,5.0,6,experienced,80,0,2014,1,AHUI3GGVEKRMS5YZDADQ2PBKC74Q
R1112,2.3,5.0,56,expert,270,0,2015,1,AGKGE6L3SWMRXT2QZLTA5NFJJK6Q
R1113,0.8,5.0,11,experienced,54,0,2014,1,AHU3WZEZOQKPA5NI4HZ3QIKYISTQ
R1114,-0.1,3.0,2,moderate,150,0,2014,1,AFP6UJLBO4HNDI4JI6CODFLAH7PA
R1115,-3.3,1.0,3,moderate,535,2,2013,0,AHIBP6EKFRM4TGGOQY75NAMYNVDA
R1116,1.8,3.0,5,moderate,260,0,2013,1,AEJGHODYXRHZWHJLJHEM7LBMGXJQ
R1117,0.4,5.0,6,experienced,106,0,2015,1,AHGQPNTRMNFRJKTAO4BA2BPDO7FQ
R1118,0.8,5.0,1,novice,35,0,2015,1,AEUZZKJVXMIHWR2QNYMH2YAY7M3Q
R1119,1.0,5.0,1,novice,21,0,2015,1,AEFOILCK62SABGGJ4ZNIHZ7EKCHQ
R1120,1.7,5.0,26,expert,139,0,2014,1,AHCZY3GH2MSEGKQFLTBT334CD6QQ
R1121,2.6,5.0,1,novice,137,0,2013,1,AHM6AYWXGS2NTF2U6JHGOSADDHKQ
R1122,0.7,5.0,6,experienced,31,0,2014,1,AFAEFTTHU5B4FQ7RAIGIWLT4KY4A
R1123,2.6,4.0,5,moderate,229,0,2013,1,AFP5FXNNXIJKIZFU64U4L232KQSQ
R1124,1.7,5.0,25,expert,180,0,2013,1,AFODVYCXBV2RPLUS6TQPXALDZNYQ
R1125,0.0,3.0,12,experienced,541,3,2014,1,AHWGACA65MI7W47IBBZFQH4D527A
R1126,1.6,5.0,2,moderate,146,13,2013,1,AGBE2MJIG7JIR4LYEO67MY6JDRNQ
R1127,0.8,5.0,1,novice,87,1,2014,0,AHYLM3UBMKMAEMD4TA2EKQJF2SOA
R1128,2.0,4.0,1,novice,159,0,2014,1,AERCNJMEHCY4AK6RAWEVZUQ7FE3Q
R1129,0.4,5.0,14,experienced,123,0,2013,1,AFECBPGWUKS7EVF4IMVQQNCHJ7BA
R1130,1.2,5.0,2,moderate,124,0,2014,0,AH264BW5BQV56YS36ATE34PNOATQ
R1131,1.0,5.0,4,moderate,176,0,2013,1,AG3CRSSDFSJLWEN64NE3YXKVMU4A
R1133,2.0,5.0,10,experienced,116,0,2015,1,AHVS6RMHZVXNFZYNJS24MH7ICJFA
R1134,0.8,4.0,15,experienced,270,0,2014,1,AHB376DRYQJPTS4YJVE7ZWLPTWHA
R1135,-2.3,2.0,1,novice,366,0,2013,1,AHRAB435XPGEPGHYK2F5E6R3PEEA
R1136,-2.7,2.0,1,novice,1366,2,2014,0,AGG6RI2IZQBOLW2M3GZ23TRFWE7A
R1137,0.9,5.0,23,expert,55,0,2015,1,AGYGYJDESSA2PAFCQUQJFXMESOJA
R1138,1.6,5.0,8,experienced,70,0,2015,1,AGQIF2NG4RPLOAQUO5WRZCEESC5A
R1139,-0.4,3.0,3,moderate,61,0,2015,0,AH2JJ6LX7OPWID5VV36TKR35DIEQ
R1140,2.5,5.0,4,moderate,139,0,2014,1,AGP3HHI4BLBDFBWRFCLBXF4TV3EQ
R1141,0.8,5.0,1,novice,35,0,2015,1,AGKMIEEXR62CIAIYKORPHZW6AWTQ
R1144,0.9,4.0,9,experienced,185,0,2014,1,AHMUYTELGHKFIHKNDJS5DY77VI2A
R1145,0.7,5.0,2,moderate,23,0,2015,1,AFZQROYZIBOPGNQ7OOOLTG2SRMDQ
R1146,0.4,4.0,1,novice,62,0,2015,0,AH3WDQHJ3N6ORQDKQ5RSLN6275BQ
R1147,1.9,5.0,2,moderate,124,0,2015,0,AHZZNFGXQVPE3EQYIDS37REQBQCQ
R1148,4.3,5.0,12,experienced,526,0,2013,1,AHI43AGZR2C5WM6XNKENCF7YG5SA
R1149,0.9,5.0,10,experienced,29,0,2014,1,AHONEZMYQ6Z3MPUBDP4QQFV5QVPA
R1151,2.3,4.0,38,expert,339,0,2020,1,AEJOTBTPNZUSK6MDBQVOYKDM5IOA
R1152,2.3,5.0,21,expert,112,0,2017,1,AH4NZUVAWUDNVNTYVUI3EKRIUDPA
R1153,-1.6,2.0,2,moderate,76,0,2015,1,AEF6EQ2YCUE7IYNEL7DBHJONHWEQ
R1154,0.7,3.0,4,moderate,609,0,2014,1,AFFRISA5KHZ5QHDMH3BA56PBAXCA
R1155,2.4,5.0,2,moderate,130,0,2012,1,AHZU46MEDE2O5RKRFRJLKYQRVV4A
R1156,1.5,4.0,1,novice,160,0,2013,1,AEJBIME7L3HJGNLWF7P3NTZNKP2A
R1158,-1.9,3.0,5,moderate,181,0,2015,1,AH7KGTQWC44GYWHKACDF46LETR4Q
R1159,1.8,5.0,6,experienced,645,4,2014,1,AEB7P5RK5ETND5MWQSZPSPN54GCQ
R1161,2.7,5.0,8,experienced,332,0,2012,1,AFA5S6ETFZ3RLVO4EXZWAQJ27FXA
R1162,2.5,5.0,6,experienced,187,0,2014,1,AG4DCGGZBPBDZV6SII7R7KJII73A
R1163,-0.9,2.0,1,novice,51,0,2015,1,AGFJ4BPPH2KSTIHMKGORJPF64MLQ
R1164,-1.8,1.0,4,moderate,238,6,2014,0,AEHR2HPSQXFU3SNGXKKCHB6I7HQA
R1165,-0.4,3.0,3,moderate,34,0,2014,1,AHISOLWQYUHJB52CMKYUC6V357DA
R1166,1.3,4.0,6,experienced,595,0,2013,1,AFZGIHCEK2GB2DF3URCIGNTEAHCA
R1167,1.0,5.0,4,moderate,19,0,2014,1,AG7V4Z3KAXNZ4AWVRTF4EDRXV5ZA
R1168,0.4,5.0,2,moderate,62,0,2015,1,AHLZILCK75B6H5DWJEKGFBSADM5Q
R1169,0.8,5.0,58,expert,22,0,2018,1,AGJ2FJZJBHB5CYHHB42MVRRYM5AQ
R1170,1.9,4.0,33,expert,279,0,2020,1,AG5TW35AKG3TXAWS652TILKUMO4A
R1172,1.6,5.0,2,moderate,158,0,2015,1,AFCS6T5P2OIO3FE6BXFZBEVGGNMQ
R1173,-1.3,1.0,31,expert,483,3,2012,1,AFVHJAKFDKVPVUY3NNLM73Y6KWFQ
R1174,1.9,5.0,9,experienced,203,0,2013,1,AF7IT6Y3FB25K7I6EFFSPHV5L5AQ
R1175,1.4,5.0,2,moderate,82,0,2015,1,AG2VVJJTVLKAWTJJDJ4S7LMJJJLA
R1177,1.5,5.0,3,moderate,180,0,2013,1,AGLJADMGTDORVI54RQA3FHNE66ZQ
R1178,2.7,5.0,1,novice,159,0,2013,1,AEXPRISIRLXZUDYOQ6MQJEM44GHQ
R1179,2.4,5.0,5,moderate,253,0,2015,1,AGWCURFJ56HWUV65L5LI27NZC4HA
R1180,0.8,5.0,2,moderate,26,0,2015,1,AHRTWIITU5HDDNGWYNFZFPCI65FA
R1181,2.7,5.0,10,experienced,150,0,2014,1,AG7JNIOV2EM4VE2TXZ4RPFY4OS3A
R1182,0.8,4.0,1,novice,102,0,2014,1,AEV2XDYL5Z56F3TO2BHXC6LNSCMQ
R1183,2.8,5.0,13,experienced,171,0,2013,1,AEZB45KAEPQ63VPUZ3GPSAYLWLPQ
R1184,1.0,5.0,6,experienced,38,0,2015,1,AF2KZEIRGOLMLCCGBYMP43EMIOCQ
R1185,1.6,5.0,9,experienced,128,0,2013,1,AENGCNAMBPOB3CVBRLOOBEDILPHQ
R1186,-1.2,3.0,4,moderate,96,0,2014,0,AFOHO3JOJNRILWADNSWXRBBG734A
R1188,-3.2,3.0,2,moderate,514,1,2014,1,AGEJYAHKKLNLXIY2PSGMROX77FAQ
R1189,2.0,5.0,1,novice,121,0,2015,1,AEYPQSBN5YK3EGZTB3YOJK4QO3KA
R1190,2.1,5.0,5,moderate,197,0,2015,1,AF76LF75L3QVHNJCAQKMORRHLOSA
R1191,0.4,4.0,1,novice,143,0,2014,0,AFZEK4BR2ATFA24H3HKXBDJQDQXQ
R1192,0.8,5.0,6,experienced,30,1,2017,1,AHD4UDJETI4S4OVT3KLYIW7ATJDA
R1193,0.8,5.0,5,moderate,42,0,2015,1,AHOBOF57B3UV3PLHEDMRLIQEMF4A
R1194,2.8,5.0,32,expert,191,0,2016,1,AHU6H7MNSLUSTPP2NGSSP3DTBQ6A
R1195,0.8,5.0,5,moderate,62,0,2019,1,AFI2XAIMCXOJO3J4CB6PWONKDGLA
R1196,1.0,5.0,3,moderate,38,0,2015,1,AF2UMQTAHYXMLNWFE6YAHLIC2TTQ
R1198,0.8,5.0,2,moderate,38,0,2015,1,AH5KWUYRJPUPSK37GPXFPARW6FXA
R1199,1.8,5.0,1,novice,233,0,2021,1,AEMQUNSPOKQERKWOQRIY2TGP3NSQ
R1200,1.6,5.0,1,novice,131,0,2022,1,AHD7PDC2NYDSBHJZSOQVYXZMR6UQ
R1201,2.5,5.0,3,moderate,141,0,2016,0,AH5Y7FIYKANNT73UJIPKLCQ34MMA
R1202,0.8,5.0,1,novice,36,0,2016,1,AHXPMQKACCOAJFUNPPXGITITTD4Q
R1203,0.8,5.0,24,expert,42,0,2021,1,AFEI26R46RVERBNPOY32V44XEIRA
R1205,0.8,5.0,5,moderate,70,0,2015,1,AFIMVMEN6LFV3NZ3NBZGYSUXRYAQ
R1206,-1.5,1.0,1,novice,126,3,2017,1,AE2FSOBNJE7HWRWQDMIUQWWJIK5Q
R1207,-0.8,4.0,1,novice,137,0,2017,1,AHUWOOALFIIUPTOYVMYGP2QCWPEA
R1208,0.8,5.0,1,novice,27,0,2015,1,AFIW2PNRLN2XKXXZHBUQFGMF57AQ
R1209,1.4,5.0,1,novice,273,0,2016,1,AEYMG3BLRDVZTUH64NLVMA5ESCMQ
R1210,2.4,5.0,3,moderate,413,0,2015,1,AFOG3GLCNPGROA2BGZYLQ7UZDU6Q
R1211,1.6,5.0,3,moderate,66,0,2018,1,AHBTIR3B2SHXUXZPY6DQKMSSYBOA
R1212,1.8,5.0,9,experienced,70,0,2015,1,AGUUNCTI7GE5BFCPMX2PRI7BA4QA
R1214,1.0,5.0,4,moderate,29,0,2016,1,AE2KLPWGZJ33SXSR4FB2BHFI7LZA
R1215,1.0,5.0,4,moderate,33,0,2020,1,AF7FLLT2VWW4G4T7WQ5T4XC2E4AA
R1216,0.8,4.0,1,novice,556,0,2017,0,AE7J4KCMHA25DBHWEAJIDO5MVQ4A
R1217,2.6,5.0,15,experienced,542,1,2015,1,AGDLKMRT2LF45NZ33AHLAO2JSZDQ
R1219,-1.1,3.0,4,moderate,126,5,2014,1,AE2JSXGU33LWKRAAMDQHPJYCB52Q
R1220,-2.0,2.0,2,moderate,289,0,2014,0,AFYIGISVR42UQ5VYWBEDIRQZUATQ
R1221,1.6,5.0,16,experienced,109,1,2014,1,AETZZTJXWS4NRZK4ST3PKVGCZ6BA
R1222,1.6,5.0,2,moderate,134,0,2014,1,AFE2LNJNTTKQOOPKP3LDXVCB5DZQ
R1223,2.4,5.0,2,moderate,130,0,2014,1,AFH4I6NGVB7NU3RUSTTKVFD3E3DA
R1224,1.8,5.0,3,moderate,50,0,2014,1,AGG52YP6RFLKFNOUK7HGLXZZMMRA
R1225,0.8,5.0,5,moderate,97,0,2015,1,AETIP2TXSCKF3NEQE4VGU2JTCNJA
R1226,2.4,5.0,3,moderate,170,0,2012,1,AH6ZXKQ4M4IE775GO7EW6MGDHYPA
R1227,2.4,5.0,3,moderate,138,1,2014,1,AHMSJHHTDU6FOXZV7N5Q2ZBZ2IDQ
R1228,0.9,5.0,5,moderate,27,0,2014,1,AHUDG264LJL2HUUD76C3BBHEPSGQ
R1229,0.8,5.0,1,novice,22,0,2014,1,AFEMBPCSHREIZSJPVA5VYU7W5CIQ
R1230,0.9,5.0,1,novice,21,0,2015,1,AGAIMGUH7STTBTLDKIWQJ7SOVXUQ
R1231,-2.5,2.0,4,moderate,237,0,2014,0,AEM23MUT7UTP2Y6NSQPEYRKIXNIQ
R1232,1.7,5.0,1,novice,200,0,2013,1,AHJD2YKZFTIUVZU3DPNGQEG6HMGA
R1233,0.4,5.0,3,moderate,179,0,2014,1,AGOXFTMFFU7F3EUFCADVVMVUGRDQ
R1234,1.6,5.0,2,moderate,117,0,2013,1,AHZ2QHOPBDAABQJ35I7II6E3DSUQ
R1235,0.9,4.0,1,novice,129,0,2013,1,AHLYP3EDK7RLZOA3U65KFJRBRWNA
R1236,1.6,5.0,5,moderate,52,0,2015,1,AEDXONJKPWVUQSPJCCMFCUZC2GGA
R1237,1.5,4.0,2,moderate,221,0,2014,1,AFC3CDTSPFFOURKUIBDTIVSEHMSA
R1238,2.2,4.0,1,novice,298,0,2013,1,AF7D24LXNZ27S47DUNVSKJWPN66Q
R1239,1.8,5.0,2,moderate,79,0,2023,1,AFRLSAHKYKEY7CIOELSVOM64SNFQ
R1240,1.5,5.0,3,moderate,61,0,2023,1,AHR73QMEOMW77LKYOJDHFXHIYBEQ
R1241,1.0,5.0,3,moderate,26,0,2015,1,AHSVRVK4X4NYLYVZ4344AN7UUFIQ
R1242,0.8,5.0,2,moderate,73,0,2023,0,AF7KVRTNE5PRGI7MZKGA2GMYEPFA
R1243,-1.0,3.0,2,moderate,95,0,2015,1,AHNDPXNMQGB2GJPRWYPGD2RMJUHA
R1244,0.8,5.0,1,novice,34,0,2015,1,AFQ6Q7VUMYFEYQN7ZW6US25CL7OQ
R1245,0.9,5.0,1,novice,21,0,2014,1,AFLSGFSNHDMHLC6SNQVQUCZRNYGQ
R1246,0.8,5.0,2,moderate,40,0,2015,1,AFH7DOV3UP5G5ZEOV2JAIKJNHVVA
R1247,2.5,5.0,3,moderate,146,0,2014,1,AHQ6KJ25RVANNZL3WMO65HQLJ7LA
R1248,1.5,4.0,1,novice,394,0,2014,1,AHZB42UKJ3C346ARS7ORI5MA3P4A
R1249,0.3,5.0,4,moderate,244,0,2014,1,AFZLN7DB3TOYZAWS7LJE2SCN7LKQ
R1250,1.4,5.0,11,experienced,353,0,2013,1,AERJYIUDUJHWQBF5RD32XN2NG2IQ
R1251,1.6,4.0,7,experienced,235,0,2014,1,AHIOQGO5VZJ4WXX5D4DWMIGAB2JQ
R1253,0.1,4.0,2,moderate,93,0,2023,0,AG2FPOLDWTINZX2QK3VQX72PR4AQ
R1254,2.6,5.0,4,moderate,124,0,2013,1,AE534F4DO2NRW63CNYUFH22E4SQQ
R1255,-0.5,2.0,3,moderate,154,0,2013,1,AGCRQ5PQR5DS4WSS6TZUNVB2DSZA
R1256,-0.8,1.0,1,novice,103,4,2014,1,AHETF534HTX5TQ7RBOPQZIM7D5OA
R1258,2.8,5.0,1,novice,144,0,2013,1,AHS3RWJ5WGYW4QSZEJ2IFM6ES5WQ
R1259,0.7,5.0,3,moderate,51,0,2023,1,AGL5LGU6PRYY7EQ5D2BPF5FEH6QQ
R1261,1.6,5.0,3,moderate,67,0,2014,1,AG2WFQFFJNQLM4TYRWUJAAUM7CZA
R1262,2.4,5.0,5,moderate,204,0,2015,1,AF3SPFVZH5WZGS3SHGVPL3KDSQXA
R1263,0.9,5.0,9,experienced,22,0,2014,1,AGWRN5M3XQKVSCD73EWHK7C3SMQA
R1264,-0.9,4.0,1,novice,305,0,2014,1,AFXII7SC3IRSNLIAAO7QQEWXHY5A
R1265,2.5,5.0,1,novice,261,0,2013,1,AFJXWCMINVCDMBI4QQJQAOSI5SFA
R1266,1.4,5.0,3,moderate,673,0,2014,1,AEO6KK3ECUQTYOW7CK6Z5UIB65NQ
R1267,2.1,5.0,5,moderate,422,0,2014,1,AFY66NR26B3CUECACY3HUOYSN4KA
R1269,-2.7,1.0,1,novice,164,9,2013,1,AGTH4YXWZ5R3NLCYYK3WT54TM3NA
R1270,0.8,4.0,2,moderate,25,0,2015,1,AH3MVYI4XN5BXBERVQQV3NDH7CNA
R1271,2.8,5.0,4,moderate,86,0,2014,1,AEU7CG65W2X4FNRDFBM3W5SCEHKQ
R1273,0.4,2.0,1,novice,149,0,2023,1,AFSW5DCWBEDEJM2RGACLLQPPDAZA
R1274,2.5,5.0,1,novice,140,0,2013,1,AFJLVMMCDTPVLXII7N2JONV5UG4Q
R1275,2.0,5.0,2,moderate,74,0,2023,1,AHRAJRBAQIXH5XHEPNFEBB74VEOA
R1277,1.6,5.0,4,moderate,48,0,2015,1,AG6J2RMR6VH7R3B43DCZIHOTDFOQ
R1278,0.9,4.0,1,novice,209,0,2013,1,AEQQQSJKDC32ROFSWS4BWEICFPKQ
R1279,0.4,5.0,2,moderate,27,0,2015,1,AGZ3LVGGKT2ZUELITDUC6IQQCYQA
R1280,1.7,5.0,2,moderate,141,0,2013,1,AFXEW3J2KH37TETSSBNS7WLWNBQA
R1281,0.9,5.0,5,moderate,56,0,2014,1,AGLLMVA24NAUUOUMH2LMRXPJVQUQ
R1282,2.0,5.0,4,moderate,142,0,2013,1,AFA756T472CDI5M3IXW6FUHAJFHA
R1283,1.1,5.0,3,moderate,135,0,2013,1,AHXDEXVQJ374FUVXAPDW5VSKQKEQ
R1284,0.0,3.0,4,moderate,296,0,2013,1,AFDU3D36UGLMERCCGKGEVKVP53JA
R1285,2.7,5.0,2,moderate,153,0,2013,1,AEDSK7QRXXEFVAJCDYMAJHO5VAQA
R1286,0.4,5.0,2,moderate,42,0,2015,0,AG5VJZ46K5QWS5QAGV5ISFIAE36Q
R1287,2.6,5.0,6,experienced,152,0,2015,1,AE5LAGL5ERUMRF6QHKGCYWKTWDSA
R1289,1.7,5.0,2,moderate,71,0,2014,1,AFTKWVEVB7F4BK3WSZUF7PR2LL4A
R1290,2.0,4.0,3,moderate,138,0,2013,1,AHX2O2L2NLYLS7RXUWEV2VAGGTPA
R1291,1.0,5.0,1,novice,52,0,2014,1,AFPTPO37OBPN5NBQUUEWFA3NS3TQ
R1292,2.4,5.0,1,novice,147,0,2013,1,AGE7GQIQPBZ45U2YIKCNNJXLF6BQ
R1293,2.6,3.0,1,novice,145,0,2013,1,AE5MDX335KBMUQKTKAVWBMW6KPTA
R1294,0.9,5.0,1,novice,38,0,2014,1,AGYDJKVP6BW5NUPJZBK2WSFR5AAQ
R1295,1.8,5.0,2,moderate,110,0,2015,1,AE2IF5L2BO5XLCTY5HM2JEOJY3KQ
R1296,0.9,5.0,4,moderate,22,0,2014,0,AGDZNZNKTY5BNL2QTRDLPTEYIGPQ
R1297,0.8,5.0,1,novice,26,0,2015,1,AGJUMMCW6FBERUFFK4IBBVWF26CA
R1298,0.4,2.0,2,moderate,124,0,2023,1,AEYMW7PC63E3EK7SUKUUYX4ASEHQ
R1299,0.8,4.0,3,moderate,267,0,2015,1,AHPQ7W3SKUB3F4UJVM3KUC5CK5WA
R1300,2.7,5.0,5,moderate,139,0,2013,1,AGFYF5H3NVAEOIYAWCRN3MORNAZQ
R1301,2.6,5.0,1,novice,112,0,2014,0,AHPTHTHDENIPA3VXGAGKUUKM7UCQ
R1302,1.7,5.0,1,novice,136,0,2014,1,AHEAMVNZP26JQ3HN44FTQG6GE3EQ
R1303,-2.2,3.0,1,novice,296,0,2023,1,AHKJBUEJN26CZ4SRMTU42QSLH2CQ
R1304,2.3,4.0,1,novice,286,0,2013,1,AHG74HP6TNISXCQZOM4O4KXH4NAA
R1305,0.9,5.0,4,moderate,31,0,2014,0,AFUUSEXY4SFZXQPUFM74XQ4H3YGA
R1306,0.0,4.0,4,moderate,159,0,2014,1,AEIN2ZZZJI7WNX5WD2W67VYYOKJQ
R1307,2.5,5.0,4,moderate,189,0,2013,0,AEP6M5KWYGEUTYJBBOP5ZZLFFPZQ
R1308,2.4,5.0,1,novice,152,0,2014,1,AEEXQM2YNJM2XU2OJESZHTMUYEUQ
R1310,0.8,5.0,1,novice,62,0,2023,1,AEJ6A4C6OXY6R3ZXBBHTS25XVD7A
R1311,0.9,5.0,1,novice,21,0,2015,1,AG2C3ADFZKSCEBBDPXNN3AC6AR6Q
R1313,1.7,4.0,1,novice,133,0,2015,1,AHHERSA2H3EVC7IA7GEF2PQY7KCA
R1314,2.5,5.0,1,novice,254,0,2013,1,AFRNEG4KR32WWEIMFO5MGXA6GSZQ
R1315,2.4,5.0,7,experienced,244,0,2023,1,AGMJBAOICRRYO2ARS2IQYDWXCT7A
R1316,4.2,5.0,1,novice,1411,0,2014,0,AF6OTUU4DVXBHL7RILCJ6QCR2SXQ
R1318,1.6,5.0,1,novice,269,0,2023,1,AEI55EWLFCVUTOYIZFJCRXFKKWTA
R1319,1.6,5.0,2,moderate,87,0,2023,1,AEI3FVUJ6HBSKHY4N3HHQXYL6GUA
R1320,0.9,5.0,2,moderate,65,0,2023,1,AHVDJSD5P7OMMHOEJECXDFQOL3SQ
R1321,0.8,5.0,1,novice,18,0,2014,0,AFBZWM4MR26E4WMJTJVJWMM52PNQ
R1322,0.9,5.0,1,novice,151,0,2023,1,AGTVBVF4OMLNB5LKR2ZF6OIM5UHA
R1323,1.3,5.0,18,experienced,122,1,2023,1,AGVQLN5CKMBOROYAXTIFMPYV4D7A
R1324,0.8,5.0,18,experienced,122,1,2023,1,AGVQLN5CKMBOROYAXTIFMPYV4D7A
R1325,0.9,5.0,18,experienced,122,1,2023,1,AGVQLN5CKMBOROYAXTIFMPYV4D7A
R1326,-1.7,1.0,2,moderate,87,0,2023,1,AGG7BINUYJTPWVPXUKSGXHAXZQBA
R1327,-0.9,1.0,2,moderate,87,0,2023,1,AGG7BINUYJTPWVPXUKSGXHAXZQBA
R1328,4.2,5.0,1,novice,629,1,2023,1,AEF54UBQVGGSI6YERS3XT5WW4JMQ
R1329,0.8,5.0,1,novice,21,0,2015,1,AHYBDZYQMD7NPLAKEU4Y7NHJJX3A
R1330,1.6,5.0,2,moderate,189,0,2023,1,AGOTAX6RPSH3JQIR66UAGUDUMYOA
R1331,0.1,4.0,1,novice,163,0,2013,1,AHERDSAGUEA7FSR4YJEUWVVPJJRA
